Financial Year,Material Type,Material Name,Source Sector,Disposal,International Export,Interstate Export,Recoverd locally (including Waste to Energy),Total Generation
2015-2016,"Aggregate, masonry and soils",Asphalt,CND,952.985331,0.0,0.0,618151.0,619103.985331
2015-2016,"Aggregate, masonry and soils",Asphalt,CNI,2965.628156,0.0,0.0,0.0,2965.628156
2015-2016,"Aggregate, masonry and soils",Asphalt,MSW,739.857607,0.0,0.0,8436.0,9175.857607
2015-2016,"Aggregate, masonry and soils",Bricks,CND,26941.761628,0.0,0.0,424778.0,451719.761628
2015-2016,"Aggregate, masonry and soils",Bricks,CNI,25397.173311,0.0,0.0,0.0,25397.173311
2015-2016,"Aggregate, masonry and soils",Bricks,MSW,48596.516311,0.0,0.0,2000.0,50596.516311
2015-2016,"Aggregate, masonry and soils",Concrete,CND,24507.585225,0.0,0.0,2340192.0,2364699.585225
2015-2016,"Aggregate, masonry and soils",Concrete,CNI,30008.665614,0.0,0.0,0.0,30008.665614
2015-2016,"Aggregate, masonry and soils",Concrete,MSW,394.552918,0.0,0.0,33668.0,34062.552918
2015-2016,"Aggregate, masonry and soils",Plaster,CND,14567.188354,0.0,0.0,36163.0,50730.188354
2015-2016,"Aggregate, masonry and soils",Plaster,CNI,20948.014643,0.0,0.0,82.0,21030.014643
2015-2016,"Aggregate, masonry and soils",Plaster,MSW,4382.288384,0.0,0.0,623.0,5005.288384
2015-2016,"Aggregate, masonry and soils",Rubble,CND,9273.177167,0.0,0.0,579988.0,589261.177167
2015-2016,"Aggregate, masonry and soils",Rubble,CNI,13251.032576,0.0,0.0,2552.0,15803.032576
2015-2016,"Aggregate, masonry and soils",Rubble,MSW,2960.195253,0.0,0.0,0.0,2960.195253
2015-2016,"Aggregate, masonry and soils",Soil and natural materials,CND,690901.627883,0.0,0.0,88460.0,779361.627883
2015-2016,"Aggregate, masonry and soils",Soil and natural materials,CNI,100786.348888,0.0,0.0,10937.0,111723.348888
2015-2016,"Aggregate, masonry and soils",Soil and natural materials,MSW,15425.46705,0.0,0.0,800.0,16225.46705
2015-2016,Glass,Container glass,CND,640.836609,4.324581,0.0,519.0,1164.16119
2015-2016,Glass,Container glass,CNI,26444.690682,114.012481,0.0,20140.0,46698.703163
2015-2016,Glass,Container glass,MSW,38785.091589,3046.662938,0.0,161095.0,202926.754527
2015-2016,Glass,Other glass,CND,3126.533385,0.0,0.0,0.0,3126.533385
2015-2016,Glass,Other glass,CNI,12978.985613,0.0,0.0,0.0,12978.985613
2015-2016,Glass,Other glass,MSW,38406.343195,0.0,0.0,0.0,38406.343195
2015-2016,Metals,Aluminium,CND,3693.393474,0.0,0.0,0.0,3693.393474
2015-2016,Metals,Aluminium,CNI,16415.94963,0.0,0.0,35080.0,51495.94963
2015-2016,Metals,Aluminium,MSW,20937.636684,0.0,0.0,1667.0,22604.636684
2015-2016,Metals,Ferrous,CND,15815.61153,27397.447723,0.0,88786.0,131999.059253
2015-2016,Metals,Ferrous,CNI,53355.471094,132567.532192,0.0,174649.38,360572.383286
2015-2016,Metals,Ferrous,MSW,35171.002517,84982.020085,0.0,126015.7,246168.722602
2015-2016,Metals,Other metals,CND,0.0,620.239259,0.0,20333.0,20953.239259
2015-2016,Metals,Other metals,CNI,0.0,8282.745562,0.0,415810.0,424092.745562
2015-2016,Metals,Other metals,MSW,0.0,1279.015179,0.0,28602.0,29881.015179
2015-2016,Organics,Food organics,CND,2852.554662,0.0,0.0,0.0,2852.554662
2015-2016,Organics,Food organics,CNI,232993.105428,0.0,0.0,61120.24,294113.345428
2015-2016,Organics,Food organics,MSW,636274.535197,0.0,0.0,4852.23,641126.765197
2015-2016,Organics,Garden organics,CND,20562.723351,0.0,0.0,0.0,20562.723351
2015-2016,Organics,Garden organics,CNI,58725.95574,0.0,0.0,185594.76,244320.71574
2015-2016,Organics,Garden organics,MSW,100822.201398,0.0,0.0,266803.77,367625.971398
2015-2016,Organics,Other organics,CND,499.396529,0.0,0.0,0.0,499.396529
2015-2016,Organics,Other organics,CNI,28989.043639,0.0,0.0,82941.0,111930.043639
2015-2016,Organics,Other organics,MSW,100564.918193,0.0,0.0,12979.0,113543.918193
2015-2016,Organics,Wood /timber,CND,112139.042013,0.0,0.0,70578.0,182717.042013
2015-2016,Organics,Wood /timber,CNI,226462.791621,0.0,0.0,109853.65,336316.441621
2015-2016,Organics,Wood /timber,MSW,28139.899486,0.0,0.0,23278.75,51418.649486
2015-2016,Paper and cardboard,Cardboard,CND,4106.298248,11272.5,0.0,257.0,15635.798248
2015-2016,Paper and cardboard,Cardboard,CNI,75533.763785,202905.0,0.0,514547.53,792986.293785
2015-2016,Paper and cardboard,Cardboard,MSW,36960.265132,11272.5,0.0,1158.95,49391.715132
2015-2016,Paper and cardboard,Liquidpaperboard,CND,509.827768,0.0,0.0,0.0,509.827768
2015-2016,Paper and cardboard,Liquidpaperboard,CNI,27284.287691,0.0,0.0,0.0,27284.287691
2015-2016,Paper and cardboard,Liquidpaperboard,MSW,28062.926012,0.0,0.0,0.0,28062.926012
2015-2016,Paper and cardboard,Newsprint and magazines,CND,0.0,6561.6,0.0,0.0,6561.6
2015-2016,Paper and cardboard,Newsprint and magazines,CNI,0.0,91862.4,0.0,30186.0,122048.4
2015-2016,Paper and cardboard,Newsprint and magazines,MSW,0.0,32808.0,0.0,0.0,32808.0
2015-2016,Paper and cardboard,Other paper,CND,1555.089622,43.51594,0.0,0.0,1598.605562
2015-2016,Paper and cardboard,Other paper,CNI,81452.146249,220504.428922,0.0,11074.0,313030.575171
2015-2016,Paper and cardboard,Other paper,MSW,126278.651432,115367.055138,0.0,127137.0,368782.70657
2015-2016,Paper and cardboard,Printing and writing paper,CND,1588.981401,0.0,0.0,0.0,1588.981401
2015-2016,Paper and cardboard,Printing and writing paper,CNI,78310.756766,27374.0,0.0,173023.0,278707.756766
2015-2016,Paper and cardboard,Printing and writing paper,MSW,84301.280951,0.0,0.0,0.0,84301.280951
2015-2016,Plastic,HDPE (2),CND,4156.095214,1138.90485,67.2042516562407,555.892754,5918.09706965624
2015-2016,Plastic,HDPE (2),CNI,51922.354965,6871.392595,438.877103256675,2635.102116,61867.7267792567
2015-2016,Plastic,HDPE (2),MSW,71837.248823,29953.197555,1418.41864508708,4737.111623,107945.976646087
2015-2016,Plastic,LDPE (4),CND,3112.724031,0.0,1.57809045414318,22.550277,3136.85239845414
2015-2016,Plastic,LDPE (4),CNI,38887.454137,14715.825,362.666320606682,317.462627,54283.4080846067
2015-2016,Plastic,LDPE (4),MSW,34264.750149,4905.275,393.255588939175,10984.896129,50548.1768669392
2015-2016,Plastic,Other plastics (7),CND,2228.454052,0.0,0.0,0.0,2228.454052
2015-2016,Plastic,Other plastics (7),CNI,29175.147655,1667.673552,20.0,540.488177,31403.309384
2015-2016,Plastic,Other plastics (7),MSW,84717.635108,37.266448,0.0,227.700012,84982.601568
2015-2016,Plastic,PET (1),CND,1721.562452,0.0,0.0,0.0,1721.562452
2015-2016,Plastic,PET (1),CNI,21507.586366,898.0944,251.304840983863,78.154585,22735.1401919839
2015-2016,Plastic,PET (1),MSW,47936.570403,29038.3856,2890.00567131443,1552.430148,81417.3918223144
2015-2016,Plastic,PP (5),CND,3338.787787,0.0,0.0,0.0,3338.787787
2015-2016,Plastic,PP (5),CNI,41711.68265,9732.365833,439.3,389.511658,52272.860141
2015-2016,Plastic,PP (5),MSW,36753.251557,4759.624167,515.7,6859.05623,48887.631954
2015-2016,Plastic,PS (6),CND,869.475986,723.756875,37.8721477355443,114.956696,1746.06170473554
2015-2016,Plastic,PS (6),CNI,10862.417357,1899.861797,119.545062003417,544.697769,13426.5219850034
2015-2016,Plastic,PS (6),MSW,9571.159259,3166.436328,188.582790261038,409.57688,13335.755257261
2015-2016,Plastic,PVC (3),CND,2191.079485,122.754483,0.0,88.334684,2402.168652
2015-2016,Plastic,PVC (3),CNI,27373.291739,1104.790345,0.0,790.802108,29268.884192
2015-2016,Plastic,PVC (3),MSW,24119.321334,552.395172,0.0,492.513874,25164.23038
2015-2016,Textiles,Clothing,CND,3520.131635,0.0,0.0,0.0,3520.131635
2015-2016,Textiles,Clothing,CNI,36452.14627,0.0,0.0,0.0,36452.14627
2015-2016,Textiles,Clothing,MSW,62597.868319,49810.0,0.0,0.0,112407.868319
2015-2016,Textiles,Other textiles,CND,6274.528236,0.0,0.0,6250.0,12524.528236
2015-2016,Textiles,Other textiles,CNI,55989.768308,166.564001,0.0,3175.6,59331.932309
2015-2016,Textiles,Other textiles,MSW,20497.818997,2.435999,0.0,15319.0,35819.254996
2015-2016,Tyres and rubber,Offroad tyres,CND,0.0,0.0,0.0,10.0,10.0
2015-2016,Tyres and rubber,Offroad tyres,CNI,0.0,5691.0,0.0,1947.0,7638.0
2015-2016,Tyres and rubber,Offroad tyres,MSW,0.0,0.0,0.0,56.0,56.0
2015-2016,Tyres and rubber,Other rubber,CND,170.428428,0.0,0.0,6250.0,6420.428428
2015-2016,Tyres and rubber,Other rubber,CNI,7839.113547,1591.464141,0.0,3125.0,12555.577688
2015-2016,Tyres and rubber,Other rubber,MSW,2459.28111,192.535859,0.0,15000.0,17651.816969
2015-2016,Tyres and rubber,Passenger tyres,CND,122.232559,0.0,0.0,250.0,372.232559
2015-2016,Tyres and rubber,Passenger tyres,CNI,853.301311,12211.129081,0.0,17306.0,30370.430392
2015-2016,Tyres and rubber,Passenger tyres,MSW,0.0,2535.870919,0.0,1324.0,3859.870919
2015-2016,Tyres and rubber,Truck tyres,CND,0.0,0.0,0.0,140.0,140.0
2015-2016,Tyres and rubber,Truck tyres,CNI,0.0,6.0,0.0,20944.0,20950.0
2015-2016,Tyres and rubber,Truck tyres,MSW,0.0,0.0,0.0,250.0,250.0
2016-2017,"Aggregate, masonry and soils",Asphalt,CND,953.206399,0.0,0.0,755452.0,756405.206399
2016-2017,"Aggregate, masonry and soils",Asphalt,CNI,2966.316106,0.0,0.0,0.0,2966.316106
2016-2017,"Aggregate, masonry and soils",Asphalt,MSW,765.343918,0.0,0.0,2000.0,2765.343918
2016-2017,"Aggregate, masonry and soils",Bricks,CND,26948.011431,0.0,0.0,584157.0,611105.011431
2016-2017,"Aggregate, masonry and soils",Bricks,CNI,25403.064809,0.0,0.0,0.0,25403.064809
2016-2017,"Aggregate, masonry and soils",Bricks,MSW,50270.549126,0.0,0.0,2000.0,52270.549126
2016-2017,"Aggregate, masonry and soils",Concrete,CND,24513.270361,0.0,0.0,2227056.0,2251569.270361
2016-2017,"Aggregate, masonry and soils",Concrete,CNI,30015.626861,0.0,0.0,5909.0,35924.626861
2016-2017,"Aggregate, masonry and soils",Concrete,MSW,408.144314,0.0,0.0,30000.0,30408.144314
2016-2017,"Aggregate, masonry and soils",Plaster,CND,14570.567571,0.0,0.0,33750.0,48320.567571
2016-2017,"Aggregate, masonry and soils",Plaster,CNI,20952.87405,0.0,0.0,774.0,21726.87405
2016-2017,"Aggregate, masonry and soils",Plaster,MSW,4533.247653,0.0,0.0,0.0,4533.247653
2016-2017,"Aggregate, masonry and soils",Rubble,CND,9275.328309,0.0,0.0,339212.0,348487.328309
2016-2017,"Aggregate, masonry and soils",Rubble,CNI,13254.106479,0.0,0.0,7339.0,20593.106479
2016-2017,"Aggregate, masonry and soils",Rubble,MSW,3062.166842,0.0,0.0,0.0,3062.166842
2016-2017,"Aggregate, masonry and soils",Soil and natural materials,CND,691061.899484,0.0,0.0,76889.0,767950.899484
2016-2017,"Aggregate, masonry and soils",Soil and natural materials,CNI,100809.728757,0.0,0.0,14588.0,115397.728757
2016-2017,"Aggregate, masonry and soils",Soil and natural materials,MSW,15956.837197,0.0,0.0,800.0,16756.837197
2016-2017,Glass,Container glass,CND,640.985267,3.849082,0.0,0.0,644.834349
2016-2017,Glass,Container glass,CNI,26450.825177,101.476511,0.0,7659.0,34211.301688
2016-2017,Glass,Container glass,MSW,40121.144479,2711.674407,0.0,134895.0,177727.818886
2016-2017,Glass,Other glass,CND,3127.258661,0.0,0.0,0.0,3127.258661
2016-2017,Glass,Other glass,CNI,12981.996408,0.0,0.0,0.0,12981.996408
2016-2017,Glass,Other glass,MSW,39729.349116,0.0,0.0,0.0,39729.349116
2016-2017,Metals,Aluminium,CND,3694.250247,0.0,0.0,0.0,3694.250247
2016-2017,Metals,Aluminium,CNI,16419.757712,0.0,0.0,28825.0,45244.757712
2016-2017,Metals,Aluminium,MSW,21658.887784,0.0,0.0,1445.0,23103.887784
2016-2017,Metals,Ferrous,CND,15819.280348,34895.011342,0.0,92500.0,143214.29169
2016-2017,Metals,Ferrous,CNI,53367.848207,168845.856964,0.0,235387.54,457601.245171
2016-2017,Metals,Ferrous,MSW,36382.558752,108238.131694,0.0,285189.98,429810.670446
2016-2017,Metals,Other metals,CND,0.0,514.063946,0.0,7312.0,7826.063946
2016-2017,Metals,Other metals,CNI,0.0,6864.868375,0.0,615686.0,622550.868375
2016-2017,Metals,Other metals,MSW,0.0,1060.067678,0.0,8566.0,9626.067678
2016-2017,Organics,Food organics,CND,2853.216382,0.0,0.0,0.0,2853.216382
2016-2017,Organics,Food organics,CNI,233047.153901,0.0,0.0,25381.0,258428.153901
2016-2017,Organics,Food organics,MSW,658192.658798,0.0,0.0,7555.04,665747.698798
2016-2017,Organics,Garden organics,CND,20567.49338,0.0,0.0,0.0,20567.49338
2016-2017,Organics,Garden organics,CNI,58739.578667,0.0,0.0,168789.0,227528.578667
2016-2017,Organics,Garden organics,MSW,104295.283141,0.0,0.0,360402.96,464698.243141
2016-2017,Organics,Other organics,CND,499.512376,0.0,0.0,11159.0,11658.512376
2016-2017,Organics,Other organics,CNI,28995.76836,0.0,0.0,62212.0,91207.76836
2016-2017,Organics,Other organics,MSW,104029.13715,0.0,0.0,14578.0,118607.13715
2016-2017,Organics,Wood /timber,CND,112165.055418,0.0,0.0,59892.0,172057.055418
2016-2017,Organics,Wood /timber,CNI,226515.325228,0.0,0.0,148488.95,375004.275228
2016-2017,Organics,Wood /timber,MSW,29109.251175,0.0,0.0,19024.65,48133.901175
2016-2017,Paper and cardboard,Cardboard,CND,4107.250804,15790.9,0.0,170.0,20068.150804
2016-2017,Paper and cardboard,Cardboard,CNI,75551.285697,284236.2,0.0,484930.99,844718.475697
2016-2017,Paper and cardboard,Cardboard,MSW,38233.457148,15790.9,0.0,55.13,54079.487148
2016-2017,Paper and cardboard,Liquidpaperboard,CND,509.946035,0.0,0.0,0.0,509.946035
2016-2017,Paper and cardboard,Liquidpaperboard,CNI,27290.616952,0.0,0.0,0.0,27290.616952
2016-2017,Paper and cardboard,Liquidpaperboard,MSW,29029.62615,0.0,0.0,0.0,29029.62615
2016-2017,Paper and cardboard,Newsprint and magazines,CND,0.0,3359.8,0.0,0.0,3359.8
2016-2017,Paper and cardboard,Newsprint and magazines,CNI,0.0,47037.2,0.0,129023.0,176060.2
2016-2017,Paper and cardboard,Newsprint and magazines,MSW,0.0,16799.0,0.0,359.0,17158.0
2016-2017,Paper and cardboard,Other paper,CND,1555.450363,34.358439,0.0,2649.0,4238.808802
2016-2017,Paper and cardboard,Other paper,CNI,81471.041075,174101.445785,0.0,24579.0,280151.48686
2016-2017,Paper and cardboard,Other paper,MSW,130628.646501,91089.195776,0.0,118886.0,340603.842277
2016-2017,Paper and cardboard,Printing and writing paper,CND,1589.350005,0.0,0.0,0.0,1589.350005
2016-2017,Paper and cardboard,Printing and writing paper,CNI,78328.922869,12184.0,0.0,24293.0,114805.922869
2016-2017,Paper and cardboard,Printing and writing paper,MSW,87205.256819,0.0,0.0,0.0,87205.256819
2016-2017,Plastic,HDPE (2),CND,4157.059321,1528.86631,94.1516338650262,109.047672,5889.12493686503
2016-2017,Plastic,HDPE (2),CNI,51934.399631,6475.198489,629.332804021194,3901.713693,62940.6446170212
2016-2017,Plastic,HDPE (2),MSW,74311.868836,27699.460202,1682.01556211378,1413.694856,105107.039456114
2016-2017,Plastic,LDPE (4),CND,3113.446102,0.0,0.0,0.0,3113.446102
2016-2017,Plastic,LDPE (4),CNI,38896.475038,15378.719371,1109.75,25788.548754,81173.493163
2016-2017,Plastic,LDPE (4),MSW,35445.088175,1509.910629,96.5,1079.318469,38130.817273
2016-2017,Plastic,Other plastics (7),CND,2228.970997,0.0,0.0,0.0,2228.970997
2016-2017,Plastic,Other plastics (7),CNI,29181.915544,1712.873497,30.0,4927.96906,35852.758101
2016-2017,Plastic,Other plastics (7),MSW,87635.953372,38.276503,0.0,847.136944,88521.366819
2016-2017,Plastic,PET (1),CND,1721.96181,0.0,0.0,0.0,1721.96181
2016-2017,Plastic,PET (1),CNI,21512.57558,1355.12093,204.07835110186,804.053471,23875.8283321019
2016-2017,Plastic,PET (1),MSW,49587.869672,21952.95907,2083.08831556481,226.574788,73850.4918455648
2016-2017,Plastic,PP (5),CND,3339.5623,0.0,0.0,0.0,3339.5623
2016-2017,Plastic,PP (5),CNI,41721.358699,9172.935735,756.513219209317,11076.833346,62727.6409992093
2016-2017,Plastic,PP (5),MSW,38019.312457,4486.034265,239.820114124016,1971.990703,44717.157539124
2016-2017,Plastic,PS (6),CND,869.677683,630.06625,23.4909858232906,191.266036,1714.50095482329
2016-2017,Plastic,PS (6),CNI,10864.937161,1653.923906,128.577423975026,1374.907388,14022.345878975
2016-2017,Plastic,PS (6),MSW,9900.862619,2756.539844,154.931590201684,482.486648,13294.8207012017
2016-2017,Plastic,PVC (3),CND,2191.58776,21.525172,3.08266272877772,176.569071,2392.76466572878
2016-2017,Plastic,PVC (3),CNI,27379.641646,193.726552,42.6062775314827,2521.517425,30137.4919005315
2016-2017,Plastic,PVC (3),MSW,24950.1738,96.863276,14.3110597397396,815.236626,25876.5847617397
2016-2017,Textiles,Clothing,CND,3520.948216,0.0,0.0,0.0,3520.948216
2016-2017,Textiles,Clothing,CNI,36460.60224,0.0,0.0,0.0,36460.60224
2016-2017,Textiles,Clothing,MSW,64754.213952,53750.0,0.0,0.0,118504.213952
2016-2017,Textiles,Other textiles,CND,6275.983768,0.0,0.0,0.0,6275.983768
2016-2017,Textiles,Other textiles,CNI,56002.756509,47.308119,0.0,99.8,56149.864628
2016-2017,Textiles,Other textiles,MSW,21203.919439,0.691881,0.0,582.6,21787.21132
2016-2017,Tyres and rubber,Offroad tyres,CND,0.0,0.0,0.0,0.0,0.0
2016-2017,Tyres and rubber,Offroad tyres,CNI,0.0,4499.0,0.0,8000.0,12499.0
2016-2017,Tyres and rubber,Offroad tyres,MSW,0.0,0.0,0.0,4745.0,4745.0
2016-2017,Tyres and rubber,Other rubber,CND,170.467963,0.0,0.0,0.0,170.467963
2016-2017,Tyres and rubber,Other rubber,CNI,7840.932022,3201.661886,0.0,0.0,11042.593908
2016-2017,Tyres and rubber,Other rubber,MSW,2543.997414,387.338114,0.0,0.0,2931.335528
2016-2017,Tyres and rubber,Passenger tyres,CND,122.260915,0.0,0.0,0.0,122.260915
2016-2017,Tyres and rubber,Passenger tyres,CNI,853.499256,10459.821153,0.0,16911.0,28224.320409
2016-2017,Tyres and rubber,Passenger tyres,MSW,0.0,2172.178847,0.0,1894.0,4066.178847
2016-2017,Tyres and rubber,Truck tyres,CND,0.0,0.0,0.0,0.0,0.0
2016-2017,Tyres and rubber,Truck tyres,CNI,0.0,73.0,0.0,0.0,73.0
2016-2017,Tyres and rubber,Truck tyres,MSW,0.0,0.0,0.0,7880.0,7880.0
2017-2018,"Aggregate, masonry and soils",Asphalt,CND,942.182889,0.0,0.0,430168.0,431110.182889
2017-2018,"Aggregate, masonry and soils",Asphalt,CNI,3630.109676,0.0,0.0,9036.0,12666.109676
2017-2018,"Aggregate, masonry and soils",Asphalt,MSW,715.838407,0.0,0.0,0.0,715.838407
2017-2018,"Aggregate, masonry and soils",Bricks,CND,26636.366779,0.0,0.0,797160.0,823796.366779
2017-2018,"Aggregate, masonry and soils",Bricks,CNI,31087.688595,0.0,0.0,0.0,31087.688595
2017-2018,"Aggregate, masonry and soils",Bricks,MSW,47018.848626,0.0,0.0,250.0,47268.848626
2017-2018,"Aggregate, masonry and soils",Concrete,CND,24229.782667,0.0,0.0,2623738.0,2647967.782667
2017-2018,"Aggregate, masonry and soils",Concrete,CNI,36732.436337,0.0,0.0,0.0,36732.436337
2017-2018,"Aggregate, masonry and soils",Concrete,MSW,381.743905,0.0,0.0,300.0,681.743905
2017-2018,"Aggregate, masonry and soils",Plaster,CND,14402.063877,0.0,0.0,0.0,14402.063877
2017-2018,"Aggregate, masonry and soils",Plaster,CNI,25641.647121,0.0,0.0,35983.0,61624.647121
2017-2018,"Aggregate, masonry and soils",Plaster,MSW,4240.019035,0.0,0.0,0.0,4240.019035
2017-2018,"Aggregate, masonry and soils",Rubble,CND,9168.062268,0.0,0.0,548412.0,557580.062268
2017-2018,"Aggregate, masonry and soils",Rubble,CNI,16220.071788,0.0,0.0,3732.0,19952.071788
2017-2018,"Aggregate, masonry and soils",Rubble,MSW,2864.093624,0.0,0.0,0.0,2864.093624
2017-2018,"Aggregate, masonry and soils",Soil and natural materials,CND,683070.001968,0.0,0.0,1046785.0,1729855.001968
2017-2018,"Aggregate, masonry and soils",Soil and natural materials,CNI,123368.635972,0.0,0.0,11635.0,135003.635972
2017-2018,"Aggregate, masonry and soils",Soil and natural materials,MSW,14924.685045,0.0,0.0,10.0,14934.685045
2017-2018,Glass,Container glass,CND,633.572489,15.878659,0.0,0.0,649.451148
2017-2018,Glass,Container glass,CNI,32369.913724,418.622129,0.0,0.0,32788.535853
2017-2018,Glass,Container glass,MSW,37525.94813,11186.499212,0.0,218376.0,267088.447342
2017-2018,Glass,Other glass,CND,3091.09297,0.0,0.0,0.0,3091.09297
2017-2018,Glass,Other glass,CNI,15887.069718,0.0,0.0,0.0,15887.069718
2017-2018,Glass,Other glass,MSW,37159.495661,0.0,0.0,0.0,37159.495661
2017-2018,Metals,Aluminium,CND,3651.52749,7064.339738,0.0,0.0,10715.867228
2017-2018,Metals,Aluminium,CNI,20094.123226,56708.3259,0.0,0.0,76802.449126
2017-2018,Metals,Aluminium,MSW,20257.904158,23681.334362,0.0,0.0,43939.23852
2017-2018,Metals,Ferrous,CND,15636.335713,42135.206929,0.0,102955.0,160726.542642
2017-2018,Metals,Ferrous,CNI,65310.349698,203878.859721,0.0,225280.0,494469.209419
2017-2018,Metals,Ferrous,MSW,34029.189106,130695.93335,0.0,221810.0,386535.122456
2017-2018,Metals,Other metals,CND,0.0,1909.815482,0.0,8643.0,10552.815482
2017-2018,Metals,Other metals,CNI,0.0,25503.893033,0.0,391950.0,417453.893033
2017-2018,Metals,Other metals,MSW,0.0,3938.291486,0.0,15795.0,19733.291486
2017-2018,Organics,Food organics,CND,2820.219898,0.0,0.0,0.0,2820.219898
2017-2018,Organics,Food organics,CNI,285197.766607,0.0,0.0,34059.0,319256.766607
2017-2018,Organics,Food organics,MSW,615618.12093,0.0,0.0,3604.3,619222.42093
2017-2018,Organics,Garden organics,CND,20329.637264,0.0,0.0,6017.0,26346.637264
2017-2018,Organics,Garden organics,CNI,71884.15034,0.0,0.0,163077.0,234961.15034
2017-2018,Organics,Garden organics,MSW,97549.046425,0.0,0.0,257727.7,355276.746425
2017-2018,Organics,Other organics,CND,493.735684,0.0,0.0,780.0,1273.735684
2017-2018,Organics,Other organics,CNI,35484.356874,0.0,0.0,128447.0,163931.356874
2017-2018,Organics,Other organics,MSW,97300.115824,0.0,0.0,106207.0,203507.115824
2017-2018,Organics,Wood /timber,CND,110867.904427,0.0,0.0,40666.0,151533.904427
2017-2018,Organics,Wood /timber,CNI,277204.264355,0.0,0.0,131051.0,408255.264355
2017-2018,Organics,Wood /timber,MSW,27226.348198,0.0,0.0,15915.0,43141.348198
2017-2018,Paper and cardboard,Cardboard,CND,4059.751835,21083.4,0.0,0.0,25143.151835
2017-2018,Paper and cardboard,Cardboard,CNI,92457.932158,379501.2,0.0,438998.0,910957.132158
2017-2018,Paper and cardboard,Cardboard,MSW,35760.363977,21083.4,0.0,0.0,56843.763977
2017-2018,Paper and cardboard,Liquidpaperboard,CND,504.048681,0.0,0.0,0.0,504.048681
2017-2018,Paper and cardboard,Liquidpaperboard,CNI,33397.631654,0.0,0.0,2569.0,35966.631654
2017-2018,Paper and cardboard,Liquidpaperboard,MSW,27151.873638,0.0,0.0,0.0,27151.873638
2017-2018,Paper and cardboard,Newsprint and magazines,CND,0.0,2665.3,0.0,0.0,2665.3
2017-2018,Paper and cardboard,Newsprint and magazines,CNI,0.0,37314.2,0.0,87247.0,124561.2
2017-2018,Paper and cardboard,Newsprint and magazines,MSW,0.0,13326.5,0.0,31546.0,44872.5
2017-2018,Paper and cardboard,Other paper,CND,1537.462105,18.32381,0.0,0.0,1555.785915
2017-2018,Paper and cardboard,Other paper,CNI,99702.393137,92850.603463,0.0,779.0,193331.9966
2017-2018,Paper and cardboard,Other paper,MSW,122179.062352,48579.072727,0.0,27158.0,197916.135079
2017-2018,Paper and cardboard,Printing and writing paper,CND,1570.969709,0.0,0.0,0.0,1570.969709
2017-2018,Paper and cardboard,Printing and writing paper,CNI,95857.14088,15854.0,0.0,71225.0,182936.14088
2017-2018,Paper and cardboard,Printing and writing paper,MSW,81564.471467,0.0,0.0,0.0,81564.471467
2017-2018,Plastic,HDPE (2),CND,4108.984335,136.122978,3.26801256530243,64.701969,4313.0772945653
2017-2018,Plastic,HDPE (2),CNI,63556.128178,4492.058263,105.904502891254,2043.840147,70197.9310908912
2017-2018,Plastic,HDPE (2),MSW,69505.079468,22800.598759,514.391247169706,10199.683632,103019.75310617
2017-2018,Plastic,LDPE (4),CND,3077.44015,87.224176,0.72158565372246,94.971182,3260.35709365372
2017-2018,Plastic,LDPE (4),CNI,47600.614828,11208.306593,91.8506023249967,14436.268825,73337.040848325
2017-2018,Plastic,LDPE (4),MSW,33152.35788,610.569231,8.4379130313818,803.963825,34575.3288490314
2017-2018,Plastic,Other plastics (7),CND,2203.1937,166.524935,0.0,128.372141,2498.090776
2017-2018,Plastic,Other plastics (7),CNI,35712.159533,4107.615065,30.3030303030303,3321.077346,43171.154974303
2017-2018,Plastic,Other plastics (7),MSW,81967.308842,0.0,0.0,0.0,81967.308842
2017-2018,Plastic,PET (1),CND,1702.047904,0.0,0.0,0.0,1702.047904
2017-2018,Plastic,PET (1),CNI,26326.597027,4193.765278,68.8425205053816,89.94277,30679.1475955054
2017-2018,Plastic,PET (1),MSW,46380.327614,23256.334722,385.803944141083,767.603308,70790.0695881411
2017-2018,Plastic,PP (5),CND,3300.941391,0.0,0.0,0.0,3300.941391
2017-2018,Plastic,PP (5),CNI,51057.64272,3671.143489,0.0,4548.983997,59277.770206
2017-2018,Plastic,PP (5),MSW,35560.071022,6849.816511,0.0,8432.765695,50842.653228
2017-2018,Plastic,PS (6),CND,859.620154,659.454,15.8848821664713,336.64435,1871.60338616647
2017-2018,Plastic,PS (6),CNI,13296.261126,1611.998667,52.4596800109389,561.090287,15521.8097600109
2017-2018,Plastic,PS (6),MSW,9260.435162,2124.907333,106.907963075115,620.560421,12112.8108790751
2017-2018,Plastic,PVC (3),CND,2166.242788,58.02,4.08072205690467,211.960829,2440.30433905691
2017-2018,Plastic,PVC (3),CNI,33506.578036,444.82,34.283470803761,1821.512662,35807.1941688038
2017-2018,Plastic,PVC (3),MSW,23336.296609,154.72,11.6358071393344,614.714322,24117.3667381393
2017-2018,Textiles,Clothing,CND,3480.229639,0.0,0.0,0.0,3480.229639
2017-2018,Textiles,Clothing,CNI,44619.649517,0.0,0.0,0.0,44619.649517
2017-2018,Textiles,Clothing,MSW,60565.65199,55662.0,0.0,0.0,116227.65199
2017-2018,Textiles,Other textiles,CND,6203.404134,0.0,0.0,0.0,6203.404134
2017-2018,Textiles,Other textiles,CNI,68534.890099,110.38561,0.0,0.0,68645.275709
2017-2018,Textiles,Other textiles,MSW,19832.364987,1.61439,0.0,0.0,19833.979377
2017-2018,Tyres and rubber,Offroad tyres,CND,0.0,0.0,0.0,0.0,0.0
2017-2018,Tyres and rubber,Offroad tyres,CNI,0.0,6090.0,0.0,1504.0,7594.0
2017-2018,Tyres and rubber,Offroad tyres,MSW,0.0,0.0,0.0,0.0,0.0
2017-2018,Tyres and rubber,Other rubber,CND,168.496559,0.0,0.0,0.0,168.496559
2017-2018,Tyres and rubber,Other rubber,CNI,9595.552932,19016.390753,0.0,0.0,28611.943685
2017-2018,Tyres and rubber,Other rubber,MSW,2379.44147,2300.609247,0.0,0.0,4680.050717
2017-2018,Tyres and rubber,Passenger tyres,CND,120.847008,0.0,0.0,0.0,120.847008
2017-2018,Tyres and rubber,Passenger tyres,CNI,1044.492831,7511.165111,0.0,15706.0,24261.657942
2017-2018,Tyres and rubber,Passenger tyres,MSW,0.0,1559.834889,0.0,9379.0,10938.834889
2017-2018,Tyres and rubber,Truck tyres,CND,0.0,0.0,0.0,0.0,0.0
2017-2018,Tyres and rubber,Truck tyres,CNI,0.0,30.0,0.0,15581.0,15611.0
2017-2018,Tyres and rubber,Truck tyres,MSW,0.0,0.0,0.0,0.0,0.0
2018-2019,"Aggregate, masonry and soils",Asphalt,CND,1005.289351,0.0,0.0,952496.0,953501.289351
2018-2019,"Aggregate, masonry and soils",Asphalt,CNI,3873.250773,0.0,0.0,761.0,4634.250773
2018-2019,"Aggregate, masonry and soils",Asphalt,MSW,720.087303,0.0,0.0,25000.0,25720.087303
2018-2019,"Aggregate, masonry and soils",Bricks,CND,28420.443846,0.0,0.0,804600.0,833020.443846
2018-2019,"Aggregate, masonry and soils",Bricks,CNI,33169.910723,0.0,0.0,50.0,33219.910723
2018-2019,"Aggregate, masonry and soils",Bricks,MSW,47297.931413,0.0,0.0,0.0,47297.931413
2018-2019,"Aggregate, masonry and soils",Concrete,CND,25852.66915,0.0,0.0,2710407.0,2736259.66915
2018-2019,"Aggregate, masonry and soils",Concrete,CNI,39192.737993,0.0,0.0,53.0,39245.737993
2018-2019,"Aggregate, masonry and soils",Concrete,MSW,384.009766,0.0,0.0,0.0,384.009766
2018-2019,"Aggregate, masonry and soils",Plaster,CND,15366.699636,0.0,0.0,0.0,15366.699636
2018-2019,"Aggregate, masonry and soils",Plaster,CNI,27359.098866,0.0,0.0,30319.0,57678.098866
2018-2019,"Aggregate, masonry and soils",Plaster,MSW,4265.185885,0.0,0.0,0.0,4265.185885
2018-2019,"Aggregate, masonry and soils",Rubble,CND,9782.129862,0.0,0.0,487083.0,496865.129862
2018-2019,"Aggregate, masonry and soils",Rubble,CNI,17306.475889,0.0,0.0,4223.0,21529.475889
2018-2019,"Aggregate, masonry and soils",Rubble,MSW,2881.093599,0.0,0.0,0.0,2881.093599
2018-2019,"Aggregate, masonry and soils",Soil and natural materials,CND,728821.343957,0.0,0.0,1256524.0,1985345.343957
2018-2019,"Aggregate, masonry and soils",Soil and natural materials,CNI,131631.743177,0.0,0.0,18852.0,150483.743177
2018-2019,"Aggregate, masonry and soils",Soil and natural materials,MSW,15013.271279,0.0,0.0,25000.0,40013.271279
2018-2019,Glass,Container glass,CND,676.008537,19.655323,0.0,0.0,695.66386
2018-2019,Glass,Container glass,CNI,34538.018002,518.189426,0.0,12400.0,47456.207428
2018-2019,Glass,Container glass,MSW,37748.685319,13847.15525,0.0,163268.0,214863.840569
2018-2019,Glass,Other glass,CND,3298.13127,0.0,0.0,900.0,4198.13127
2018-2019,Glass,Other glass,CNI,16951.169674,0.0,0.0,3700.0,20651.169674
2018-2019,Glass,Other glass,MSW,37380.057753,0.0,0.0,0.0,37380.057753
2018-2019,Metals,Aluminium,CND,3896.103131,6298.000964,0.0,338.0,10532.104095
2018-2019,Metals,Aluminium,CNI,21440.007397,50556.613139,0.0,24354.0,96350.620536
2018-2019,Metals,Aluminium,MSW,20378.145986,21112.385897,0.0,0.0,41490.531883
2018-2019,Metals,Ferrous,CND,16683.641758,43334.915537,0.0,101379.0,161397.557295
2018-2019,Metals,Ferrous,CNI,69684.771258,209683.867948,0.0,452401.0,731769.639206
2018-2019,Metals,Ferrous,MSW,34231.171101,134417.216515,0.0,200758.0,369406.387616
2018-2019,Metals,Other metals,CND,0.0,1546.760485,0.0,16452.0,17998.760485
2018-2019,Metals,Other metals,CNI,0.0,20655.615332,0.0,53625.3,74280.915332
2018-2019,Metals,Other metals,MSW,0.0,3189.624184,0.0,14386.0,17575.624184
2018-2019,Organics,Food organics,CND,3009.115392,0.0,0.0,0.0,3009.115392
2018-2019,Organics,Food organics,CNI,304300.026282,0.0,0.0,18729.49,323029.516282
2018-2019,Organics,Food organics,MSW,571365.99547,0.0,0.0,39794.83,611160.82547
2018-2019,Organics,Garden organics,CND,21691.295928,0.0,0.0,17840.0,39531.295928
2018-2019,Organics,Garden organics,CNI,76698.87846,0.0,0.0,32518.51,109217.38846
2018-2019,Organics,Garden organics,MSW,98128.053792,0.0,0.0,416193.17,514321.223792
2018-2019,Organics,Other organics,CND,526.805603,0.0,0.0,0.0,526.805603
2018-2019,Organics,Other organics,CNI,37861.063421,0.0,0.0,133507.0,171368.063421
2018-2019,Organics,Other organics,MSW,97877.645649,0.0,0.0,25539.0,123416.645649
2018-2019,Organics,Wood /timber,CND,118293.725199,0.0,0.0,126320.0,244613.725199
2018-2019,Organics,Wood /timber,CNI,295771.127286,0.0,0.0,66774.0,362545.127286
2018-2019,Organics,Wood /timber,MSW,27387.951583,0.0,0.0,0.0,27387.951583
2018-2019,Paper and cardboard,Cardboard,CND,4331.669933,15946.6,0.0,0.0,20278.269933
2018-2019,Paper and cardboard,Cardboard,CNI,98650.6715,287038.8,0.0,483853.0,869542.4715
2018-2019,Paper and cardboard,Cardboard,MSW,35972.621453,15946.6,0.0,0.0,51919.221453
2018-2019,Paper and cardboard,Liquidpaperboard,CND,537.809355,0.0,0.0,0.0,537.809355
2018-2019,Paper and cardboard,Liquidpaperboard,CNI,35634.571445,0.0,0.0,0.0,35634.571445
2018-2019,Paper and cardboard,Liquidpaperboard,MSW,27313.034977,0.0,0.0,0.0,27313.034977
2018-2019,Paper and cardboard,Newsprint and magazines,CND,0.0,623.75,0.0,0.0,623.75
2018-2019,Paper and cardboard,Newsprint and magazines,CNI,0.0,8732.5,0.0,51825.0,60557.5
2018-2019,Paper and cardboard,Newsprint and magazines,MSW,0.0,3118.75,0.0,4000.0,7118.75
2018-2019,Paper and cardboard,Other paper,CND,1640.439771,19.089936,0.0,0.0,1659.529707
2018-2019,Paper and cardboard,Other paper,CNI,106380.359191,96732.726001,0.0,33326.0,236439.085192
2018-2019,Paper and cardboard,Other paper,MSW,122904.262441,50610.184062,0.0,84845.0,258359.446503
2018-2019,Paper and cardboard,Printing and writing paper,CND,1676.19168,0.0,0.0,0.0,1676.19168
2018-2019,Paper and cardboard,Printing and writing paper,CNI,102277.555803,5218.0,0.0,29099.0,136594.555803
2018-2019,Paper and cardboard,Printing and writing paper,MSW,82048.60157,0.0,0.0,0.0,82048.60157
2018-2019,Plastic,HDPE (2),CND,4384.199975,625.246172,50.4186537598552,252.707203,5312.57200375986
2018-2019,Plastic,HDPE (2),CNI,67813.053745,5877.314014,491.452143301408,3302.006563,77483.8264653014
2018-2019,Plastic,HDPE (2),MSW,69917.630433,20445.549814,1685.28170293874,9070.481804,101118.943753939
2018-2019,Plastic,LDPE (4),CND,3283.563998,88.488789,3.34629528548871,181.724779,3557.12386128549
2018-2019,Plastic,LDPE (4),CNI,50788.856152,4601.417024,168.511235450568,10641.885208,66200.6696194506
2018-2019,Plastic,LDPE (4),MSW,33349.1354,3834.514187,141.642469263944,7966.301631,45291.5936872639
2018-2019,Plastic,Other plastics (7),CND,2350.761399,186.56534,0.0,67.86466,2605.191399
2018-2019,Plastic,Other plastics (7),CNI,38104.124074,6218.84466,0.0,4511.977342,48834.946076
2018-2019,Plastic,Other plastics (7),MSW,82453.830007,0.0,0.0,1.8125,82455.642507
2018-2019,Plastic,PET (1),CND,1816.049362,0.0,0.0,0.0,1816.049362
2018-2019,Plastic,PET (1),CNI,28089.926029,8776.627712,940.535599636133,1951.469089,39758.5584296361
2018-2019,Plastic,PET (1),MSW,46655.620428,13044.162288,1403.76140036387,1728.415014,62831.9591303639
2018-2019,Plastic,PP (5),CND,3522.035127,139.248043,22.6098860937391,338.142071,4022.03512709374
2018-2019,Plastic,PP (5),CNI,54477.432297,2562.164,415.708945001096,6919.478913,64374.7841550011
2018-2019,Plastic,PP (5),MSW,35771.139647,3703.997957,601.181168905165,8989.480545,49065.7993179052
2018-2019,Plastic,PS (6),CND,917.196646,771.907258,38.4444345899801,654.00244,2381.55077858998
2018-2019,Plastic,PS (6),CNI,14186.831328,1132.130645,35.1764150829823,1126.243821,16480.382209083
2018-2019,Plastic,PS (6),MSW,9315.40095,1286.512097,84.7791503270376,1067.02376,11753.715957327
2018-2019,Plastic,PVC (3),CND,2311.335551,89.187143,9.24440201326077,521.746288,2931.51338401326
2018-2019,Plastic,PVC (3),CNI,35750.814945,341.884048,34.2830781045911,2099.578238,38226.5603091046
2018-2019,Plastic,PVC (3),MSW,23474.810393,193.23881,18.9725198821482,1060.072647,24747.0943698822
2018-2019,Textiles,Clothing,CND,3713.331921,0.0,0.0,0.0,3713.331921
2018-2019,Textiles,Clothing,CNI,47608.228782,0.0,0.0,0.0,47608.228782
2018-2019,Textiles,Clothing,MSW,60925.142523,59803.0,0.0,250.0,120978.142523
2018-2019,Textiles,Other textiles,CND,6618.901906,0.0,0.0,0.0,6618.901906
2018-2019,Textiles,Other textiles,CNI,73125.288135,440.556856,0.0,16961.625,90527.469991
2018-2019,Textiles,Other textiles,MSW,19950.081007,6.443144,0.0,250.0,20206.524151
2018-2019,Tyres and rubber,Offroad tyres,CND,0.0,0.0,0.0,0.0,0.0
2018-2019,Tyres and rubber,Offroad tyres,CNI,0.0,9994.0,0.0,7420.0,17414.0
2018-2019,Tyres and rubber,Offroad tyres,MSW,0.0,0.0,0.0,0.0,0.0
2018-2019,Tyres and rubber,Other rubber,CND,179.782289,0.0,0.0,0.0,179.782289
2018-2019,Tyres and rubber,Other rubber,CNI,10238.25342,21743.468041,0.0,16961.625,48943.346461
2018-2019,Tyres and rubber,Other rubber,MSW,2393.564767,2630.531959,0.0,0.0,5024.096726
2018-2019,Tyres and rubber,Passenger tyres,CND,128.941219,0.0,0.0,0.0,128.941219
2018-2019,Tyres and rubber,Passenger tyres,CNI,1114.451911,6105.15052,0.0,17093.0,24312.602431
2018-2019,Tyres and rubber,Passenger tyres,MSW,0.0,1267.84948,0.0,0.0,1267.84948
2018-2019,Tyres and rubber,Truck tyres,CND,0.0,0.0,0.0,0.0,0.0
2018-2019,Tyres and rubber,Truck tyres,CNI,0.0,143.0,0.0,5527.0,5670.0
2018-2019,Tyres and rubber,Truck tyres,MSW,0.0,0.0,0.0,0.0,0.0
2019-2020,"Aggregate, masonry and soils",Asphalt,CND,1046.137662,0.0,0.0,486768.0,487814.137662
2019-2020,"Aggregate, masonry and soils",Asphalt,CNI,4030.634067,0.0,0.0,12000.0,16030.634067
2019-2020,"Aggregate, masonry and soils",Asphalt,MSW,788.743874,0.0,0.0,11523.0,12311.743874
2019-2020,"Aggregate, masonry and soils",Bricks,CND,29575.26271,0.0,0.0,1289662.0,1319237.26271
2019-2020,"Aggregate, masonry and soils",Bricks,CNI,34517.716508,0.0,0.0,3659.0,38176.716508
2019-2020,"Aggregate, masonry and soils",Bricks,MSW,51807.542629,0.0,0.0,0.0,51807.542629
2019-2020,"Aggregate, masonry and soils",Concrete,CND,26903.150634,0.0,0.0,3148079.0,3174982.150634
2019-2020,"Aggregate, masonry and soils",Concrete,CNI,40785.271643,0.0,0.0,17975.0,58760.271643
2019-2020,"Aggregate, masonry and soils",Concrete,MSW,420.623095,0.0,0.0,16300.0,16720.623095
2019-2020,"Aggregate, masonry and soils",Plaster,CND,15991.100674,0.0,0.0,556.0,16547.100674
2019-2020,"Aggregate, masonry and soils",Plaster,CNI,28470.79169,0.0,0.0,32060.0,60530.79169
2019-2020,"Aggregate, masonry and soils",Plaster,MSW,4671.849127,0.0,0.0,0.0,4671.849127
2019-2020,"Aggregate, masonry and soils",Rubble,CND,10179.61092,0.0,0.0,473506.0,483685.61092
2019-2020,"Aggregate, masonry and soils",Rubble,CNI,18009.696604,0.0,0.0,32000.0,50009.696604
2019-2020,"Aggregate, masonry and soils",Rubble,MSW,3155.790855,0.0,0.0,68000.0,71155.790855
2019-2020,"Aggregate, masonry and soils",Soil and natural materials,CND,758435.822933,0.0,0.0,929359.0,1687794.822933
2019-2020,"Aggregate, masonry and soils",Soil and natural materials,CNI,136980.386604,0.0,0.0,17242.0,154222.386604
2019-2020,"Aggregate, masonry and soils",Soil and natural materials,MSW,16444.708437,0.0,0.0,0.0,16444.708437
2019-2020,Glass,Container glass,CND,703.477053,5.345264,0.0,900.0,1608.822317
2019-2020,Glass,Container glass,CNI,35941.414618,140.921587,0.0,12100.0,48182.336205
2019-2020,Glass,Container glass,MSW,41347.825696,3765.733148,0.0,283804.0,328917.558844
2019-2020,Glass,Other glass,CND,3432.145511,0.0,0.0,0.0,3432.145511
2019-2020,Glass,Other glass,CNI,17639.953094,0.0,0.0,0.0,17639.953094
2019-2020,Glass,Other glass,MSW,40944.051413,0.0,0.0,0.0,40944.051413
2019-2020,Metals,Aluminium,CND,4054.414993,7226.299181,0.0,0.0,11280.714174
2019-2020,Metals,Aluminium,CNI,22311.187493,58008.440171,0.0,21707.0,102026.627664
2019-2020,Metals,Aluminium,MSW,22321.095984,24224.260648,0.0,5922.0,52467.356632
2019-2020,Metals,Ferrous,CND,17361.554613,46173.346017,0.0,96811.0,160345.90063
2019-2020,Metals,Ferrous,CNI,72516.299465,223418.129909,0.0,421229.0,717163.429374
2019-2020,Metals,Ferrous,MSW,37494.934833,143221.524074,0.0,203401.0,384117.458907
2019-2020,Metals,Other metals,CND,0.0,1357.557662,0.0,7705.0,9062.557662
2019-2020,Metals,Other metals,CNI,0.0,18128.979335,0.0,68763.3,86892.279335
2019-2020,Metals,Other metals,MSW,0.0,2799.463002,0.0,13990.0,16789.463002
2019-2020,Organics,Food organics,CND,3131.385939,0.0,0.0,0.0,3131.385939
2019-2020,Organics,Food organics,CNI,316664.766703,0.0,0.0,47979.6,364644.366703
2019-2020,Organics,Food organics,MSW,579102.683553,0.0,50000.0,40908.48,670011.163553
2019-2020,Organics,Garden organics,CND,22572.686728,0.0,0.0,6543.0,29115.686728
2019-2020,Organics,Garden organics,CNI,79815.413592,0.0,0.0,80272.0,160087.413592
2019-2020,Organics,Garden organics,MSW,107484.05222,0.0,20000.0,611413.52,738897.57222
2019-2020,Organics,Other organics,CND,548.211499,0.0,0.0,0.0,548.211499
2019-2020,Organics,Other organics,CNI,39399.486625,1.286475,0.0,135493.0,174893.7731
2019-2020,Organics,Other organics,MSW,107209.768966,0.713525,0.0,12705.0,119915.482491
2019-2020,Organics,Wood /timber,CND,123100.399795,0.0,0.0,97056.0,220156.399795
2019-2020,Organics,Wood /timber,CNI,307789.309662,0.0,0.0,86839.0,394628.309662
2019-2020,Organics,Wood /timber,MSW,29999.250005,0.0,0.0,18300.0,48299.250005
2019-2020,Paper and cardboard,Cardboard,CND,4507.680346,11912.6,0.0,0.0,16420.280346
2019-2020,Paper and cardboard,Cardboard,CNI,102659.182312,214426.8,0.0,401280.0,718365.982312
2019-2020,Paper and cardboard,Cardboard,MSW,39402.423397,11912.6,0.0,45.0,51360.023397
2019-2020,Paper and cardboard,Liquidpaperboard,CND,559.66237,0.0,0.0,0.0,559.66237
2019-2020,Paper and cardboard,Liquidpaperboard,CNI,37082.524741,0.0,0.0,0.0,37082.524741
2019-2020,Paper and cardboard,Liquidpaperboard,MSW,29917.190491,0.0,0.0,0.0,29917.190491
2019-2020,Paper and cardboard,Newsprint and magazines,CND,0.0,1912.1,0.0,0.0,1912.1
2019-2020,Paper and cardboard,Newsprint and magazines,CNI,0.0,26769.4,0.0,23680.0,50449.4
2019-2020,Paper and cardboard,Newsprint and magazines,MSW,0.0,9560.5,0.0,45.0,9605.5
2019-2020,Paper and cardboard,Other paper,CND,1707.096393,17.888022,0.0,0.0,1724.984415
2019-2020,Paper and cardboard,Other paper,CNI,110702.953386,90642.375492,0.0,7173.0,208518.328878
2019-2020,Paper and cardboard,Other paper,MSW,134622.543215,47423.736486,0.0,125075.0,307121.279701
2019-2020,Paper and cardboard,Printing and writing paper,CND,1744.301024,0.0,0.0,0.0,1744.301024
2019-2020,Paper and cardboard,Printing and writing paper,CNI,106433.439205,1080.0,0.0,58854.0,166367.439205
2019-2020,Paper and cardboard,Printing and writing paper,MSW,89871.508044,0.0,0.0,0.0,89871.508044
2019-2020,Plastic,HDPE (2),CND,4562.344865,185.181328,47.4997662113188,228.071941,5023.09790021132
2019-2020,Plastic,HDPE (2),CNI,70568.527731,2629.574859,694.025665987276,3822.455195,77714.5834509873
2019-2020,Plastic,HDPE (2),MSW,76583.912042,9036.848813,2372.73511090654,13042.840273,101036.336238907
2019-2020,Plastic,LDPE (4),CND,3416.986322,26.372399,8.68298434120512,346.176613,3798.21831834121
2019-2020,Plastic,LDPE (4),CNI,52852.579347,1371.364723,443.259072101807,19029.2748,73696.4779421018
2019-2020,Plastic,LDPE (4),MSW,36528.801625,388.992878,128.706812097956,5430.423804,42476.925119098
2019-2020,Plastic,Other plastics (7),CND,2446.280795,0.0,0.0,0.0,2446.280795
2019-2020,Plastic,Other plastics (7),CNI,39652.423655,6237.486,362.712658854105,981.92801,47234.5503238541
2019-2020,Plastic,Other plastics (7),MSW,90315.372899,693.054,0.0,226.771227,91235.198126
2019-2020,Plastic,PET (1),CND,1889.841597,0.0,0.0,0.0,1889.841597
2019-2020,Plastic,PET (1),CNI,29231.314834,7424.376775,780.278692810707,1466.430103,38902.4004048107
2019-2020,Plastic,PET (1),MSW,51103.990639,15093.513225,1589.1790027241,2878.977556,70665.6604227241
2019-2020,Plastic,PP (5),CND,3665.147339,18.334762,1.71420670709252,40.519532,3725.71583970709
2019-2020,Plastic,PP (5),CNI,56691.034831,3025.235714,397.193883505063,12845.660286,72959.1247145051
2019-2020,Plastic,PP (5),MSW,39181.731353,2731.879524,356.452821812892,11387.432193,53657.4958918129
2019-2020,Plastic,PS (6),CND,954.465453,524.853333,0.4812908357538,788.153518,2267.95359483575
2019-2020,Plastic,PS (6),CNI,14763.290321,1009.333333,0.34134025656616,1540.40479,17313.3697842566
2019-2020,Plastic,PS (6),MSW,10203.575874,1736.053333,0.35736504509329,2787.622843,14727.6094150451
2019-2020,Plastic,PVC (3),CND,2405.252941,133.632175,27.5394483005759,699.279949,3265.70451330058
2019-2020,Plastic,PVC (3),CNI,37203.491608,334.39121,74.2690391279829,1911.688563,39523.840420128
2019-2020,Plastic,PVC (3),MSW,25713.011201,153.521615,33.8910683739655,758.810547,26659.234431374
2019-2020,Textiles,Clothing,CND,3864.217171,0.0,0.0,0.0,3864.217171
2019-2020,Textiles,Clothing,CNI,49542.712318,0.0,0.0,0.0,49542.712318
2019-2020,Textiles,Clothing,MSW,66734.037285,50805.0,0.0,0.0,117539.037285
2019-2020,Textiles,Other textiles,CND,6887.850303,0.0,0.0,0.0,6887.850303
2019-2020,Textiles,Other textiles,CNI,76096.616191,351.854133,32.0,15640.375,92120.845324
2019-2020,Textiles,Other textiles,MSW,21852.217239,5.145867,0.0,0.0,21857.363106
2019-2020,Tyres and rubber,Offroad tyres,CND,0.0,0.0,0.0,0.0,0.0
2019-2020,Tyres and rubber,Offroad tyres,CNI,0.0,8478.0,0.0,7706.0,16184.0
2019-2020,Tyres and rubber,Offroad tyres,MSW,0.0,0.0,0.0,0.0,0.0
2019-2020,Tyres and rubber,Other rubber,CND,187.087452,0.0,0.0,0.0,187.087452
2019-2020,Tyres and rubber,Other rubber,CNI,10654.268323,13564.020331,0.0,15640.375,39858.663654
2019-2020,Tyres and rubber,Other rubber,MSW,2621.778691,1640.979669,0.0,0.0,4262.75836
2019-2020,Tyres and rubber,Passenger tyres,CND,134.180538,0.0,0.0,0.0,134.180538
2019-2020,Tyres and rubber,Passenger tyres,CNI,1159.735866,6757.647279,0.0,10263.0,18180.383145
2019-2020,Tyres and rubber,Passenger tyres,MSW,0.0,1403.352721,0.0,0.0,1403.352721
2019-2020,Tyres and rubber,Truck tyres,CND,0.0,0.0,0.0,0.0,0.0
2019-2020,Tyres and rubber,Truck tyres,CNI,0.0,93.0,0.0,14589.0,14682.0
2019-2020,Tyres and rubber,Truck tyres,MSW,0.0,0.0,0.0,0.0,0.0
2020-2021,"Aggregate, masonry and soils",Asphalt,CND,1051.929979,0.0,0.0,937977.0,939028.929979
2020-2021,"Aggregate, masonry and soils",Asphalt,CNI,4052.95112,0.0,0.0,1698.0,5750.95112
2020-2021,"Aggregate, masonry and soils",Asphalt,MSW,767.184516,0.0,0.0,0.0,767.184516
2020-2021,"Aggregate, masonry and soils",Bricks,CND,29739.01678,0.0,0.0,1015723.0,1045462.01678
2020-2021,"Aggregate, masonry and soils",Bricks,CNI,34708.83625,0.0,0.0,8913.0,43621.83625
2020-2021,"Aggregate, masonry and soils",Bricks,MSW,50391.446238,0.0,0.0,0.0,50391.446238
2020-2021,"Aggregate, masonry and soils",Concrete,CND,27052.109595,0.0,0.0,2652087.0,2679139.109595
2020-2021,"Aggregate, masonry and soils",Concrete,CNI,41011.093956,0.0,0.0,21350.0,62361.093956
2020-2021,"Aggregate, masonry and soils",Concrete,MSW,409.125873,0.0,0.0,0.0,409.125873
2020-2021,"Aggregate, masonry and soils",Plaster,CND,16079.641149,0.0,0.0,32641.0,48720.641149
2020-2021,"Aggregate, masonry and soils",Plaster,CNI,28628.43046,0.0,0.0,0.0,28628.43046
2020-2021,"Aggregate, masonry and soils",Plaster,MSW,4544.149793,0.0,0.0,0.0,4544.149793
2020-2021,"Aggregate, masonry and soils",Rubble,CND,10235.973994,0.0,0.0,780733.0,790968.973994
2020-2021,"Aggregate, masonry and soils",Rubble,CNI,18109.41376,0.0,0.0,0.0,18109.41376
2020-2021,"Aggregate, masonry and soils",Rubble,MSW,3069.531137,0.0,0.0,11608.0,14677.531137
2020-2021,"Aggregate, masonry and soils",Soil and natural materials,CND,762635.175419,0.0,0.0,1117581.0,1880216.175419
2020-2021,"Aggregate, masonry and soils",Soil and natural materials,CNI,137738.82774,0.0,0.0,1909.0,139647.82774
2020-2021,"Aggregate, masonry and soils",Soil and natural materials,MSW,15995.212262,0.0,0.0,0.0,15995.212262
2020-2021,Glass,Container glass,CND,707.372106,0.0,0.0,0.0,707.372106
2020-2021,Glass,Container glass,CNI,36140.417176,0.0,0.0,159885.0,196025.417176
2020-2021,Glass,Container glass,MSW,40217.632991,0.0,0.0,174755.0,214972.632991
2020-2021,Glass,Other glass,CND,3451.148818,0.0,0.0,0.0,3451.148818
2020-2021,Glass,Other glass,CNI,17737.623033,0.0,0.0,0.0,17737.623033
2020-2021,Glass,Other glass,MSW,39824.895389,0.0,0.0,0.0,39824.895389
2020-2021,Metals,Aluminium,CND,4076.863719,8010.893732,0.0,0.0,12087.757451
2020-2021,Metals,Aluminium,CNI,22434.7214,64306.699478,0.0,44650.0,131391.420878
2020-2021,Metals,Aluminium,MSW,21710.975877,26854.40679,0.0,1462.0,50027.382667
2020-2021,Metals,Ferrous,CND,17457.6831,44758.437022,0.0,0.0,62216.120122
2020-2021,Metals,Ferrous,CNI,72917.812016,216571.835477,0.0,704894.0,994383.647493
2020-2021,Metals,Ferrous,MSW,36470.056231,138832.727501,0.0,45848.0,221150.783732
2020-2021,Metals,Other metals,CND,0.0,1408.848318,0.0,0.0,1408.848318
2020-2021,Metals,Other metals,CNI,0.0,18813.920581,0.0,55977.3,74791.220581
2020-2021,Metals,Other metals,MSW,0.0,2905.231101,0.0,4134.0,7039.231101
2020-2021,Organics,Food organics,CND,3148.723982,0.0,0.0,0.0,3148.723982
2020-2021,Organics,Food organics,CNI,318418.094981,0.0,0.0,47114.384,365532.478981
2020-2021,Organics,Food organics,MSW,522595.213212,0.0,0.0,75226.19,597821.403212
2020-2021,Organics,Garden organics,CND,22697.66852,0.0,0.0,0.0,22697.66852
2020-2021,Organics,Garden organics,CNI,80257.340312,0.0,0.0,159835.34,240092.680312
2020-2021,Organics,Garden organics,MSW,104546.105915,0.0,0.0,676771.81,781317.915915
2020-2021,Organics,Other organics,CND,551.246869,0.0,0.0,0.0,551.246869
2020-2021,Organics,Other organics,CNI,39617.636042,0.0,0.0,414970.0,454587.636042
2020-2021,Organics,Other organics,MSW,104279.319862,0.0,0.0,0.0,104279.319862
2020-2021,Organics,Wood /timber,CND,123781.989397,0.0,0.0,0.0,123781.989397
2020-2021,Organics,Wood /timber,CNI,309493.495783,0.0,0.0,214938.0,524431.495783
2020-2021,Organics,Wood /timber,MSW,29179.256863,0.0,0.0,74500.0,103679.256863
2020-2021,Paper and cardboard,Cardboard,CND,4532.638739,10774.95,0.0,0.0,15307.588739
2020-2021,Paper and cardboard,Cardboard,CNI,103227.591765,193949.1,0.0,303483.0,600659.691765
2020-2021,Paper and cardboard,Cardboard,MSW,38325.405907,10774.95,0.0,46.0,49146.355907
2020-2021,Paper and cardboard,Liquidpaperboard,CND,562.761142,0.0,0.0,0.0,562.761142
2020-2021,Paper and cardboard,Liquidpaperboard,CNI,37287.845465,0.0,0.0,0.0,37287.845465
2020-2021,Paper and cardboard,Liquidpaperboard,MSW,29099.440346,0.0,0.0,0.0,29099.440346
2020-2021,Paper and cardboard,Newsprint and magazines,CND,0.0,205.85,0.0,0.0,205.85
2020-2021,Paper and cardboard,Newsprint and magazines,CNI,0.0,2881.9,0.0,4234.0,7115.9
2020-2021,Paper and cardboard,Newsprint and magazines,MSW,0.0,1029.25,0.0,6287.0,7316.25
2020-2021,Paper and cardboard,Other paper,CND,1716.548346,15.620864,0.0,0.0,1732.16921
2020-2021,Paper and cardboard,Other paper,CNI,111315.90007,79154.207322,0.0,24253.0,214723.107392
2020-2021,Paper and cardboard,Other paper,MSW,130942.79915,41413.171814,0.0,170089.0,342444.970964
2020-2021,Paper and cardboard,Printing and writing paper,CND,1753.958973,0.0,0.0,0.0,1753.958973
2020-2021,Paper and cardboard,Printing and writing paper,CNI,107022.746189,0.0,0.0,10902.0,117924.746189
2020-2021,Paper and cardboard,Printing and writing paper,MSW,87414.979289,0.0,0.0,0.0,87414.979289
2020-2021,Plastic,HDPE (2),CND,4587.605926,170.27475,32.8093280158837,241.497162,5032.18716601588
2020-2021,Plastic,HDPE (2),CNI,70959.255745,2766.964688,511.879413274506,3168.8145,77406.9143462745
2020-2021,Plastic,HDPE (2),MSW,74490.583621,10684.740563,1958.37900870961,12184.53508,99318.2382727096
2020-2021,Plastic,LDPE (4),CND,3435.905694,0.0,0.0,4.999522,3440.905216
2020-2021,Plastic,LDPE (4),CNI,53145.216646,2503.358974,74.2227549998129,14113.191217,69835.9895919998
2020-2021,Plastic,LDPE (4),MSW,35530.331104,1516.741026,44.5272450001871,8508.032566,45599.6319410002
2020-2021,Plastic,Other plastics (7),CND,2459.825508,0.0,0.0,0.0,2459.825508
2020-2021,Plastic,Other plastics (7),CNI,39871.973548,5832.355263,288.0,2145.861148,48138.189959
2020-2021,Plastic,Other plastics (7),MSW,87846.711636,2376.144737,0.0,1081.847641,91304.704014
2020-2021,Plastic,PET (1),CND,1900.305384,0.0,0.0,33.75,1934.055384
2020-2021,Plastic,PET (1),CNI,29393.164514,7787.571835,518.192900643973,1851.77762,39550.706869644
2020-2021,Plastic,PET (1),MSW,49707.124988,17069.728165,1134.66379935603,4252.499792,72164.016744356
2020-2021,Plastic,PP (5),CND,3685.440744,9.448633,1.02410564211428,125.999642,3821.91312464211
2020-2021,Plastic,PP (5),CNI,57004.925118,736.993381,73.828133230694,6657.627661,64473.3742932307
2020-2021,Plastic,PP (5),MSW,38110.746211,1880.277986,187.047761127192,16991.458445,57169.5304031272
2020-2021,Plastic,PS (6),CND,959.750193,373.047253,38.3001889710298,1529.864655,2900.96228997103
2020-2021,Plastic,PS (6),CNI,14845.032583,549.753846,55.1768588077383,2302.587578,17752.5508658077
2020-2021,Plastic,PS (6),MSW,9924.673493,863.898901,86.5229522212319,3588.654959,14463.7503052212
2020-2021,Plastic,PVC (3),CND,2418.570488,434.930769,0.0,199.434157,3052.935414
2020-2021,Plastic,PVC (3),CNI,37409.482109,1449.769231,0.0,668.972997,39528.224337
2020-2021,Plastic,PVC (3),MSW,25010.177202,0.0,0.0,35.02994,25045.207142
2020-2021,Textiles,Clothing,CND,3885.612798,0.0,0.0,0.0,3885.612798
2020-2021,Textiles,Clothing,CNI,49817.023349,0.0,0.0,0.0,49817.023349
2020-2021,Textiles,Clothing,MSW,64909.943253,50152.0,0.0,0.0,115061.943253
2020-2021,Textiles,Other textiles,CND,6925.987361,0.0,0.0,0.0,6925.987361
2020-2021,Textiles,Other textiles,CNI,76517.952454,125.169398,0.0,15213.875,91856.996852
2020-2021,Textiles,Other textiles,MSW,21254.913363,1.830602,0.0,0.0,21256.743965
2020-2021,Tyres and rubber,Offroad tyres,CND,0.0,0.0,0.0,0.0,0.0
2020-2021,Tyres and rubber,Offroad tyres,CNI,0.0,8653.0,0.0,6814.0,15467.0
2020-2021,Tyres and rubber,Offroad tyres,MSW,0.0,0.0,0.0,0.0,0.0
2020-2021,Tyres and rubber,Other rubber,CND,188.123329,0.0,0.0,0.0,188.123329
2020-2021,Tyres and rubber,Other rubber,CNI,10713.259508,13819.154157,0.0,14692.875,39225.288665
2020-2021,Tyres and rubber,Other rubber,MSW,2550.115548,1671.845843,0.0,0.0,4221.961391
2020-2021,Tyres and rubber,Passenger tyres,CND,134.923476,0.0,0.0,0.0,134.923476
2020-2021,Tyres and rubber,Passenger tyres,CNI,1166.157159,8545.389036,0.0,23287.0,32998.546195
2020-2021,Tyres and rubber,Passenger tyres,MSW,0.0,1774.610964,0.0,0.0,1774.610964
2020-2021,Tyres and rubber,Truck tyres,CND,0.0,0.0,0.0,0.0,0.0
2020-2021,Tyres and rubber,Truck tyres,CNI,0.0,51.0,0.0,12900.0,12951.0
2020-2021,Tyres and rubber,Truck tyres,MSW,0.0,0.0,0.0,0.0,0.0
2021-2022,"Aggregate, masonry and soils",Asphalt,CND,1051.593285,0.0,0.0,462437.0,463488.593285
2021-2022,"Aggregate, masonry and soils",Asphalt,CNI,4051.653881,0.0,0.0,142200.0,146251.653881
2021-2022,"Aggregate, masonry and soils",Asphalt,MSW,706.385254,0.0,0.0,0.0,706.385254
2021-2022,"Aggregate, masonry and soils",Bricks,CND,29729.498129,0.0,0.0,755225.0,784954.498129
2021-2022,"Aggregate, masonry and soils",Bricks,CNI,34697.726894,0.0,0.0,996.0,35693.726894
2021-2022,"Aggregate, masonry and soils",Bricks,MSW,46397.93141,0.0,0.0,0.0,46397.93141
2021-2022,"Aggregate, masonry and soils",Concrete,CND,27043.45095,0.0,0.0,2707364.0,2734407.45095
2021-2022,"Aggregate, masonry and soils",Concrete,CNI,40997.967418,0.0,0.0,4667.0,45664.967418
2021-2022,"Aggregate, masonry and soils",Concrete,MSW,376.702706,0.0,0.0,2642.0,3018.702706
2021-2022,"Aggregate, masonry and soils",Plaster,CND,16074.494493,0.0,0.0,32641.0,48715.494493
2021-2022,"Aggregate, masonry and soils",Plaster,CNI,28619.267276,0.0,0.0,0.0,28619.267276
2021-2022,"Aggregate, masonry and soils",Plaster,MSW,4184.026579,0.0,0.0,0.0,4184.026579
2021-2022,"Aggregate, masonry and soils",Rubble,CND,10232.697736,0.0,0.0,27925.0,38157.697736
2021-2022,"Aggregate, masonry and soils",Rubble,CNI,18103.617429,0.0,0.0,0.0,18103.617429
2021-2022,"Aggregate, masonry and soils",Rubble,MSW,2826.271238,0.0,0.0,0.0,2826.271238
2021-2022,"Aggregate, masonry and soils",Soil and natural materials,CND,762391.07661,0.0,0.0,1492265.0,2254656.07661
2021-2022,"Aggregate, masonry and soils",Soil and natural materials,CNI,137694.741282,0.0,0.0,221.0,137915.741282
2021-2022,"Aggregate, masonry and soils",Soil and natural materials,MSW,14727.594003,0.0,0.0,39000.0,53727.594003
2021-2022,Glass,Container glass,CND,707.145696,0.0,0.0,7861.0,8568.145696
2021-2022,Glass,Container glass,CNI,36128.84961,491.1,0.0,62584.0,99203.94961
2021-2022,Glass,Container glass,MSW,37030.391392,1145.9,0.0,144185.0,182361.291392
2021-2022,Glass,Other glass,CND,3450.044199,0.0,0.0,500.0,3950.044199
2021-2022,Glass,Other glass,CNI,17731.945702,0.0,0.0,10000.0,27731.945702
2021-2022,Glass,Other glass,MSW,36668.778187,0.0,0.0,0.0,36668.778187
2021-2022,Metals,Aluminium,CND,4075.558826,14132.689477,0.0,5771.0,23979.248303
2021-2022,Metals,Aluminium,CNI,22427.540655,89531.597083,0.0,35781.0,147740.137738
2021-2022,Metals,Aluminium,MSW,19990.384178,10111.713441,0.0,4572.0,34674.097619
2021-2022,Metals,Ferrous,CND,17452.095369,24144.061774,0.0,25171.0,66767.157143
2021-2022,Metals,Ferrous,CNI,72894.473005,286034.813745,0.0,299076.26,658005.54675
2021-2022,Metals,Ferrous,MSW,33579.809547,159818.124481,0.0,170808.74,364206.674028
2021-2022,Metals,Other metals,CND,0.0,417.142655,0.0,3007.0,3424.142655
2021-2022,Metals,Other metals,CNI,0.0,21191.888533,0.0,215943.0,237134.888533
2021-2022,Metals,Other metals,MSW,0.0,1114.968812,0.0,10359.0,11473.968812
2021-2022,Organics,Food organics,CND,3147.716161,0.0,0.0,0.0,3147.716161
2021-2022,Organics,Food organics,CNI,318316.177996,0.0,0.0,74017.0,392333.177996
2021-2022,Organics,Food organics,MSW,447530.590743,0.0,0.0,124391.78,571922.370743
2021-2022,Organics,Garden organics,CND,22690.403613,0.0,0.0,38.0,22728.403613
2021-2022,Organics,Garden organics,CNI,80231.652117,0.0,0.0,65418.2,145649.852117
2021-2022,Organics,Garden organics,MSW,96260.842138,0.0,0.0,803716.22,899977.062138
2021-2022,Organics,Other organics,CND,551.070429,0.0,0.0,0.0,551.070429
2021-2022,Organics,Other organics,CNI,39604.955513,0.0,0.0,146413.0,186017.955513
2021-2022,Organics,Other organics,MSW,96015.198841,0.0,0.0,32804.0,128819.198841
2021-2022,Organics,Wood /timber,CND,123742.370143,0.0,0.0,19899.0,143641.370143
2021-2022,Organics,Wood /timber,CNI,309394.435319,0.0,0.0,118426.05,427820.485319
2021-2022,Organics,Wood /timber,MSW,26866.804976,0.0,0.0,25138.45,52005.254976
2021-2022,Paper and cardboard,Cardboard,CND,4531.187965,0.0,0.0,0.0,4531.187965
2021-2022,Paper and cardboard,Cardboard,CNI,103194.551416,142418.002471,0.0,409518.81,655131.363887
2021-2022,Paper and cardboard,Cardboard,MSW,35288.123031,15.997529,0.0,129.69,35433.81056
2021-2022,Paper and cardboard,Liquidpaperboard,CND,562.581017,0.0,0.0,0.0,562.581017
2021-2022,Paper and cardboard,Liquidpaperboard,CNI,37275.910638,0.0,0.0,0.0,37275.910638
2021-2022,Paper and cardboard,Liquidpaperboard,MSW,26793.313905,0.0,0.0,0.0,26793.313905
2021-2022,Paper and cardboard,Newsprint and magazines,CND,0.0,0.0,0.0,0.0,0.0
2021-2022,Paper and cardboard,Newsprint and magazines,CNI,0.0,2296.108408,0.0,4155.0,6451.108408
2021-2022,Paper and cardboard,Newsprint and magazines,MSW,0.0,3472.891592,0.0,6287.0,9759.891592
2021-2022,Paper and cardboard,Other paper,CND,1715.998925,0.0,0.0,0.0,1715.998925
2021-2022,Paper and cardboard,Other paper,CNI,111280.270873,15700.292889,0.0,23801.0,150781.563762
2021-2022,Paper and cardboard,Other paper,MSW,120565.60125,112230.707111,0.0,170131.0,402927.308361
2021-2022,Paper and cardboard,Printing and writing paper,CND,1753.397579,0.0,0.0,0.0,1753.397579
2021-2022,Paper and cardboard,Printing and writing paper,CNI,106988.491114,1.0,0.0,43617.0,150606.491114
2021-2022,Paper and cardboard,Printing and writing paper,MSW,80487.35482,0.0,0.0,0.0,80487.35482
2021-2022,Plastic,HDPE (2),CND,4586.137558,104.803963,44.0833416031578,266.271624,5001.29648660316
2021-2022,Plastic,HDPE (2),CNI,70936.543614,1654.591939,716.461299453263,4203.761675,77511.3585274533
2021-2022,Plastic,HDPE (2),MSW,68587.215639,9643.604098,4218.68290511016,24501.15486,106950.65750211
2021-2022,Plastic,LDPE (4),CND,3434.805953,50.630165,0.88333569137116,86.101911,3572.42136469137
2021-2022,Plastic,LDPE (4),CNI,53128.206306,17691.158537,424.206957650319,30085.672545,101329.24434565
2021-2022,Plastic,LDPE (4),MSW,32714.557501,1307.211298,30.9097066583098,2223.05006,36275.7285656583
2021-2022,Plastic,Other plastics (7),CND,2459.038184,0.0,102.362073831776,18.5029261682243,2579.903184
2021-2022,Plastic,Other plastics (7),CNI,39859.211613,0.0,479.830331955553,7173.46477608923,47512.5067210448
2021-2022,Plastic,Other plastics (7),MSW,80884.872442,0.0,17.3225942126712,3041.65994577952,83943.8549819922
2021-2022,Plastic,PET (1),CND,1899.697148,18.671207,0.0,22.458793,1940.827148
2021-2022,Plastic,PET (1),CNI,29383.75656,4873.13276,818.078751555903,5861.682003,40936.6500745559
2021-2022,Plastic,PET (1),MSW,45767.84252,15688.196033,2639.84348311853,18870.656904,82966.5389401185
2021-2022,Plastic,PP (5),CND,3684.261134,2.657395,4.89361471861472,135.602942,3827.41508571862
2021-2022,Plastic,PP (5),CNI,56986.679389,262.898262,697.838961038961,13415.30891,71362.725522039
2021-2022,Plastic,PP (5),MSW,35090.475085,184.444343,487.767424242424,9411.921604,45174.6084562424
2021-2022,Plastic,PS (6),CND,959.443004,105.72701,74.5582424312615,1594.114748,2733.84300443126
2021-2022,Plastic,PS (6),CNI,14840.281091,115.705519,101.836150336972,1744.567202,16802.389962337
2021-2022,Plastic,PS (6),MSW,9138.144554,70.567471,61.6056072317667,1063.991557,10334.3091892318
2021-2022,Plastic,PVC (3),CND,2417.796369,0.0,0.0,365.18,2782.976369
2021-2022,Plastic,PVC (3),CNI,37397.50835,0.0,0.0,2005.31722656479,39402.8255765648
2021-2022,Plastic,PVC (3),MSW,23028.124274,0.0,0.0,0.318095290486851,23028.4423692905
2021-2022,Textiles,Clothing,CND,3884.369118,0.0,0.0,0.0,3884.369118
2021-2022,Textiles,Clothing,CNI,49801.078272,0.0,0.0,178.0,49979.078272
2021-2022,Textiles,Clothing,MSW,59765.839635,56122.0,0.0,129.0,116016.839635
2021-2022,Textiles,Other textiles,CND,6923.77054,0.0,0.0,0.0,6923.77054
2021-2022,Textiles,Other textiles,CNI,76493.461135,290.0,13.0,116.2,76912.661135
2021-2022,Textiles,Other textiles,MSW,19570.464553,0.0,0.0,1673.8,21244.264553
2021-2022,Tyres and rubber,Offroad tyres,CND,0.0,0.0,0.0,0.0,0.0
2021-2022,Tyres and rubber,Offroad tyres,CNI,0.0,12991.0,0.0,1800.0,14791.0
2021-2022,Tyres and rubber,Offroad tyres,MSW,0.0,0.0,0.0,0.0,0.0
2021-2022,Tyres and rubber,Other rubber,CND,188.063116,0.0,0.0,0.0,188.063116
2021-2022,Tyres and rubber,Other rubber,CNI,10709.830485,7058.7,0.0,0.0,17768.530485
2021-2022,Tyres and rubber,Other rubber,MSW,2348.01926,784.3,0.0,0.0,3132.31926
2021-2022,Tyres and rubber,Passenger tyres,CND,134.88029,0.0,0.0,0.0,134.88029
2021-2022,Tyres and rubber,Passenger tyres,CNI,1165.783904,7441.6,0.0,0.0,8607.383904
2021-2022,Tyres and rubber,Passenger tyres,MSW,0.0,1860.4,0.0,1000.0,2860.4
2021-2022,Tyres and rubber,Truck tyres,CND,0.0,0.0,0.0,0.0,0.0
2021-2022,Tyres and rubber,Truck tyres,CNI,0.0,2784.0,0.0,11400.0,14184.0
2021-2022,Tyres and rubber,Truck tyres,MSW,0.0,0.0,0.0,0.0,0.0
2022-2023,"Aggregate, masonry and soils",Asphalt,CND,1026.212146,0.0,0.0,649669.0,650695.212146
2022-2023,"Aggregate, masonry and soils",Asphalt,CNI,3953.863614,0.0,0.0,169470.0,173423.863614
2022-2023,"Aggregate, masonry and soils",Asphalt,MSW,737.1162,0.0,0.0,0.0,737.1162
2022-2023,"Aggregate, masonry and soils",Bricks,CND,29011.950274,0.0,0.0,969073.0,998084.950274
2022-2023,"Aggregate, masonry and soils",Bricks,CNI,33860.266423,0.0,0.0,1198.0,35058.266423
2022-2023,"Aggregate, masonry and soils",Bricks,MSW,48416.450775,0.0,0.0,0.0,48416.450775
2022-2023,"Aggregate, masonry and soils",Concrete,CND,26390.73323,0.0,0.0,2871924.0,2898314.73323
2022-2023,"Aggregate, masonry and soils",Concrete,CNI,40008.445044,0.0,0.0,8155.0,48163.445044
2022-2023,"Aggregate, masonry and soils",Concrete,MSW,393.090974,0.0,0.0,2642.0,3035.090974
2022-2023,"Aggregate, masonry and soils",Plaster,CND,15686.522284,0.0,0.0,32641.0,48327.522284
2022-2023,"Aggregate, masonry and soils",Plaster,CNI,27928.51583,0.0,0.0,403.0,28331.51583
2022-2023,"Aggregate, masonry and soils",Plaster,MSW,4366.050613,0.0,0.0,0.0,4366.050613
2022-2023,"Aggregate, masonry and soils",Rubble,CND,9985.722484,0.0,0.0,28750.0,38735.722484
2022-2023,"Aggregate, masonry and soils",Rubble,CNI,17666.670536,0.0,0.0,0.0,17666.670536
2022-2023,"Aggregate, masonry and soils",Rubble,MSW,2949.22679,0.0,0.0,0.0,2949.22679
2022-2023,"Aggregate, masonry and soils",Soil and natural materials,CND,743990.09052,0.0,0.0,987709.0,1731699.09052
2022-2023,"Aggregate, masonry and soils",Soil and natural materials,CNI,134371.356346,0.0,0.0,1417.0,135788.356346
2022-2023,"Aggregate, masonry and soils",Soil and natural materials,MSW,15368.310794,0.0,0.0,16200.0,31568.310794
2022-2023,Glass,Container glass,CND,690.078106,0.0,0.0,7861.0,8551.078106
2022-2023,Glass,Container glass,CNI,35256.847721,302.4,0.0,62584.0,98143.247721
2022-2023,Glass,Container glass,MSW,38641.3805,705.6,0.0,150185.0,189531.9805
2022-2023,Glass,Other glass,CND,3366.774317,0.0,0.0,200.0,3566.774317
2022-2023,Glass,Other glass,CNI,17303.969436,0.0,0.0,12000.0,29303.969436
2022-2023,Glass,Other glass,MSW,38264.035489,0.0,0.0,0.0,38264.035489
2022-2023,Metals,Aluminium,CND,3977.191591,17530.586521,0.0,7292.0,28799.778112
2022-2023,Metals,Aluminium,CNI,21886.232032,91758.434377,0.0,37519.0,151163.666409
2022-2023,Metals,Aluminium,MSW,20860.056086,12541.979102,0.0,5667.0,39069.035188
2022-2023,Metals,Ferrous,CND,17030.87354,16063.485089,0.0,21172.0,54266.358629
2022-2023,Metals,Ferrous,CNI,71135.100126,223735.620092,0.0,296443.8,591314.520218
2022-2023,Metals,Ferrous,MSW,35040.682776,122664.894819,0.0,165901.52,323607.097595
2022-2023,Metals,Other metals,CND,0.0,646.894498,0.0,3890.0,4536.894498
2022-2023,Metals,Other metals,CNI,0.0,25867.858763,0.0,217107.0,242974.858763
2022-2023,Metals,Other metals,MSW,0.0,1415.246739,0.0,10667.0,12082.246739
2022-2023,Organics,Food organics,CND,3071.743235,0.0,0.0,0.0,3071.743235
2022-2023,Organics,Food organics,CNI,310633.334186,0.0,0.0,82413.2,393046.534186
2022-2023,Organics,Food organics,MSW,467000.190718,0.0,0.0,149611.29,616611.480718
2022-2023,Organics,Garden organics,CND,22142.750558,0.0,0.0,38.0,22180.750558
2022-2023,Organics,Garden organics,CNI,78295.189899,0.0,0.0,68096.0,146391.189899
2022-2023,Organics,Garden organics,MSW,100448.623103,0.0,0.0,827422.71,927871.333103
2022-2023,Organics,Other organics,CND,537.769855,0.0,0.0,0.0,537.769855
2022-2023,Organics,Other organics,CNI,38649.054718,0.0,0.0,159090.0,197739.054718
2022-2023,Organics,Other organics,MSW,100192.293215,0.0,0.0,31185.0,131377.293215
2022-2023,Organics,Wood /timber,CND,120755.738083,0.0,0.0,19569.0,140324.738083
2022-2023,Organics,Wood /timber,CNI,301926.925697,0.0,0.0,114817.5,416744.425697
2022-2023,Organics,Wood /timber,MSW,28035.632217,0.0,0.0,34530.6,62566.232217
2022-2023,Paper and cardboard,Cardboard,CND,4421.823717,0.0,0.0,0.0,4421.823717
2022-2023,Paper and cardboard,Cardboard,CNI,100703.85922,124720.362101,0.0,420678.3,646102.521321
2022-2023,Paper and cardboard,Cardboard,MSW,36823.315604,13.637899,0.0,126.12,36963.073503
2022-2023,Paper and cardboard,Liquidpaperboard,CND,549.002624,0.0,0.0,0.0,549.002624
2022-2023,Paper and cardboard,Liquidpaperboard,CNI,36376.223412,0.0,0.0,0.0,36376.223412
2022-2023,Paper and cardboard,Liquidpaperboard,MSW,27958.943953,0.0,0.0,0.0,27958.943953
2022-2023,Paper and cardboard,Newsprint and magazines,CND,0.0,0.0,0.0,0.0,0.0
2022-2023,Paper and cardboard,Newsprint and magazines,CNI,0.0,1937.50316,0.0,4155.0,6092.50316
2022-2023,Paper and cardboard,Newsprint and magazines,MSW,0.0,2930.49684,0.0,6287.0,9217.49684
2022-2023,Paper and cardboard,Other paper,CND,1674.581766,0.0,0.0,0.0,1674.581766
2022-2023,Paper and cardboard,Other paper,CNI,108594.422653,16798.577991,0.0,23801.0,149194.000644
2022-2023,Paper and cardboard,Other paper,MSW,125810.748902,120096.422009,0.0,170152.0,416059.170911
2022-2023,Paper and cardboard,Printing and writing paper,CND,1711.07777,0.0,0.0,0.0,1711.07777
2022-2023,Paper and cardboard,Printing and writing paper,CNI,104406.228812,3.0,0.0,26514.0,130923.228812
2022-2023,Paper and cardboard,Printing and writing paper,MSW,83988.917917,0.0,0.0,0.0,83988.917917
2022-2023,Plastic,HDPE (2),CND,4475.447054,88.754539,98.7868025112835,438.007891,5100.99628651128
2022-2023,Plastic,HDPE (2),CNI,69224.427101,1110.817949,926.338396855785,3828.710938,75090.2943848558
2022-2023,Plastic,HDPE (2),MSW,71571.068989,5524.427512,7156.23880063293,32620.244074,116871.979375633
2022-2023,Plastic,LDPE (4),CND,3351.903859,25.615663,6.87133445872768,288.947594,3673.33845045873
2022-2023,Plastic,LDPE (4),CNI,51845.909837,11621.461674,497.617069057206,11158.981735,75123.9703150572
2022-2023,Plastic,LDPE (4),MSW,34137.788362,2177.922663,151.511596484066,4755.844415,41223.0670364841
2022-2023,Plastic,Other plastics (7),CND,2399.687112,0.0,96.5787411096678,63.9896988903322,2560.255552
2022-2023,Plastic,Other plastics (7),CNI,38897.17412,0.0,7.010899807772,2154.53684436314,41058.7218641709
2022-2023,Plastic,Other plastics (7),MSW,84403.729348,0.0,1395.79032863185,10420.2229170703,96219.7425937021
2022-2023,Plastic,PET (1),CND,1853.846269,0.0,0.0,0.0,1853.846269
2022-2023,Plastic,PET (1),CNI,28674.553485,1473.15,322.170566628607,516.388546,30986.2625976286
2022-2023,Plastic,PET (1),MSW,47758.950176,8347.85,6589.13943337139,32327.56417,95023.5037793714
2022-2023,Plastic,PP (5),CND,3595.338218,0.100119,3.69116439103102,23.147368,3622.27686939103
2022-2023,Plastic,PP (5),CNI,55611.255244,9.266805,851.989513963552,5356.686442,61829.1980049635
2022-2023,Plastic,PP (5),MSW,36617.06908,8.633076,3122.31932164542,19648.817111,59396.8385886454
2022-2023,Plastic,PS (6),CND,936.285995,133.184178,84.5636838634151,1312.552138,2466.58599486342
2022-2023,Plastic,PS (6),CNI,14482.09772,152.199144,70.4041401331614,1160.07678,15864.7777841332
2022-2023,Plastic,PS (6),MSW,9535.695072,180.616678,50.0321760034235,709.862081,10476.2060070034
2022-2023,Plastic,PVC (3),CND,2359.440706,4.94199,0.0,1064.50001,3428.882706
2022-2023,Plastic,PVC (3),CNI,36494.886254,16.05801,0.0,932.45677,37443.401034
2022-2023,Plastic,PVC (3),MSW,24029.951584,0.0,0.0,12.060836,24042.01242
2022-2023,Textiles,Clothing,CND,3790.616418,0.0,0.0,0.0,3790.616418
2022-2023,Textiles,Clothing,CNI,48599.084995,0.0,0.0,323.0,48922.084995
2022-2023,Textiles,Clothing,MSW,62365.923326,64051.0,0.0,118.0,126534.923326
2022-2023,Textiles,Other textiles,CND,6756.659186,0.0,0.0,0.0,6756.659186
2022-2023,Textiles,Other textiles,CNI,74647.223479,521.0,56.0,86.0,75310.223479
2022-2023,Textiles,Other textiles,MSW,20421.868063,0.0,0.0,1602.4,22024.268063
2022-2023,Tyres and rubber,Offroad tyres,CND,0.0,0.0,0.0,0.0,0.0
2022-2023,Tyres and rubber,Offroad tyres,CNI,0.0,459.0,0.0,2000.0,2459.0
2022-2023,Tyres and rubber,Offroad tyres,MSW,0.0,0.0,0.0,0.0,0.0
2022-2023,Tyres and rubber,Other rubber,CND,183.524046,0.0,0.0,0.0,183.524046
2022-2023,Tyres and rubber,Other rubber,CNI,10451.339209,9445.5,0.0,0.0,19896.839209
2022-2023,Tyres and rubber,Other rubber,MSW,2450.168692,1049.5,0.0,0.0,3499.668692
2022-2023,Tyres and rubber,Passenger tyres,CND,131.624836,0.0,0.0,0.0,131.624836
2022-2023,Tyres and rubber,Passenger tyres,CNI,1137.646674,2198.4,0.0,0.0,3336.046674
2022-2023,Tyres and rubber,Passenger tyres,MSW,0.0,549.6,0.0,1200.0,1749.6
2022-2023,Tyres and rubber,Truck tyres,CND,0.0,0.0,0.0,0.0,0.0
2022-2023,Tyres and rubber,Truck tyres,CNI,0.0,4505.0,0.0,20500.0,25005.0
2022-2023,Tyres and rubber,Truck tyres,MSW,0.0,0.0,0.0,0.0,0.0
2023-2024,"Aggregate, masonry and soils",Asphalt,CND,1019.155409,0.0,0.0,298490.0,299509.155409
2023-2024,"Aggregate, masonry and soils",Asphalt,CNI,3926.674912,0.0,0.0,141681.0,145607.674912
2023-2024,"Aggregate, masonry and soils",Asphalt,MSW,661.095825,0.0,0.0,0.0,661.095825
2023-2024,"Aggregate, masonry and soils",Bricks,CND,28812.4499,0.0,0.0,917996.0,946808.4499
2023-2024,"Aggregate, masonry and soils",Bricks,CNI,33627.426654,0.0,0.0,970.0,34597.426654
2023-2024,"Aggregate, masonry and soils",Bricks,MSW,43423.158364,0.0,0.0,0.0,43423.158364
2023-2024,"Aggregate, masonry and soils",Concrete,CND,26209.257628,0.0,0.0,2263534.0,2289743.257628
2023-2024,"Aggregate, masonry and soils",Concrete,CNI,39733.327389,0.0,0.0,2786.0,42519.327389
2023-2024,"Aggregate, masonry and soils",Concrete,MSW,352.550659,0.0,0.0,118545.0,118897.550659
2023-2024,"Aggregate, masonry and soils",Plaster,CND,15578.654078,0.0,0.0,1436.0,17014.654078
2023-2024,"Aggregate, masonry and soils",Plaster,CNI,27736.465682,0.0,0.0,4521.0,32257.465682
2023-2024,"Aggregate, masonry and soils",Plaster,MSW,3915.770449,0.0,0.0,0.0,3915.770449
2023-2024,"Aggregate, masonry and soils",Rubble,CND,9917.055768,0.0,0.0,0.0,9917.055768
2023-2024,"Aggregate, masonry and soils",Rubble,CNI,17545.185859,0.0,0.0,1385.0,18930.185859
2023-2024,"Aggregate, masonry and soils",Rubble,MSW,2645.066705,0.0,0.0,0.0,2645.066705
2023-2024,"Aggregate, masonry and soils",Soil and natural materials,CND,738874.050419,0.0,0.0,1427964.0,2166838.050419
2023-2024,"Aggregate, masonry and soils",Soil and natural materials,CNI,133447.353116,0.0,0.0,15616.0,149063.353116
2023-2024,"Aggregate, masonry and soils",Soil and natural materials,MSW,13783.34394,0.0,0.0,0.0,13783.34394
2023-2024,Glass,Container glass,CND,685.332791,0.0,0.0,3246.0,3931.332791
2023-2024,Glass,Container glass,CNI,35014.404375,0.0,0.0,107924.0,142938.404375
2023-2024,Glass,Container glass,MSW,34656.212052,0.0,0.0,100672.0,135328.212052
2023-2024,Glass,Other glass,CND,3343.622728,0.0,0.0,0.0,3343.622728
2023-2024,Glass,Other glass,CNI,17184.978871,0.0,0.0,11575.0,28759.978871
2023-2024,Glass,Other glass,MSW,34317.783441,0.0,0.0,0.0,34317.783441
2023-2024,Metals,Aluminium,CND,3949.842474,21258.392773,0.0,6174.0,31382.235247
2023-2024,Metals,Aluminium,CNI,21735.731586,111270.483504,0.0,42206.0,175212.21509
2023-2024,Metals,Aluminium,MSW,18708.713762,15208.978753,0.0,7187.0,41104.692515
2023-2024,Metals,Ferrous,CND,16913.760916,20545.636703,0.0,71760.14,109219.537619
2023-2024,Metals,Ferrous,CNI,70645.940351,286163.976409,0.0,325602.18,682412.09676
2023-2024,Metals,Ferrous,MSW,31426.862007,156891.754888,0.0,203034.54,391353.156895
2023-2024,Metals,Other metals,CND,0.0,540.269112,0.0,4901.0,5441.269112
2023-2024,Metals,Other metals,CNI,0.0,21604.148932,0.0,244301.0,265905.148932
2023-2024,Metals,Other metals,MSW,0.0,1181.976506,0.0,10587.0,11768.976506
2023-2024,Organics,Food organics,CND,3050.620424,0.0,0.0,0.0,3050.620424
2023-2024,Organics,Food organics,CNI,308497.267302,0.0,0.0,72320.4,380817.667302
2023-2024,Organics,Food organics,MSW,418837.459432,0.0,0.0,123987.87,542825.329432
2023-2024,Organics,Garden organics,CND,21990.486165,0.0,0.0,11272.0,33262.486165
2023-2024,Organics,Garden organics,CNI,77756.793843,0.0,0.0,72270.4,150027.193843
2023-2024,Organics,Garden organics,MSW,90089.141163,0.0,0.0,754501.13,844590.271163
2023-2024,Organics,Other organics,CND,534.071886,0.0,0.0,43828.0,44362.071886
2023-2024,Organics,Other organics,CNI,38383.284896,0.0,0.0,272006.0,310389.284896
2023-2024,Organics,Other organics,MSW,89859.247125,0.0,0.0,82420.0,172279.247125
2023-2024,Organics,Wood /timber,CND,119925.362509,0.0,0.0,43242.45,163167.812509
2023-2024,Organics,Wood /timber,CNI,299850.72834,0.0,0.0,105441.15,405291.87834
2023-2024,Organics,Wood /timber,MSW,25144.257337,0.0,0.0,349.45,25493.707337
2023-2024,Paper and cardboard,Cardboard,CND,4391.417092,0.0,0.0,70.09,4461.507092
2023-2024,Paper and cardboard,Cardboard,CNI,100011.370183,173905.570806,0.0,161801.83,435718.770989
2023-2024,Paper and cardboard,Cardboard,MSW,33025.648087,19.016194,0.0,4180.49,37225.154281
2023-2024,Paper and cardboard,Liquidpaperboard,CND,545.227414,0.0,0.0,0.0,545.227414
2023-2024,Paper and cardboard,Liquidpaperboard,CNI,36126.082691,0.0,0.0,332.0,36458.082691
2023-2024,Paper and cardboard,Liquidpaperboard,MSW,25075.478097,0.0,0.0,0.0,25075.478097
2023-2024,Paper and cardboard,Newsprint and magazines,CND,0.0,0.0,0.0,0.0,0.0
2023-2024,Paper and cardboard,Newsprint and magazines,CNI,0.0,1104.870331,0.0,6748.0,7852.870331
2023-2024,Paper and cardboard,Newsprint and magazines,MSW,0.0,1671.129669,0.0,3.0,1674.129669
2023-2024,Paper and cardboard,Other paper,CND,1663.066522,0.0,0.0,0.0,1663.066522
2023-2024,Paper and cardboard,Other paper,CNI,107847.674237,15475.839345,0.0,70754.0,194077.513582
2023-2024,Paper and cardboard,Other paper,MSW,112835.61653,110639.896655,0.0,415059.0,638534.513185
2023-2024,Paper and cardboard,Printing and writing paper,CND,1699.311562,0.0,0.0,0.0,1699.311562
2023-2024,Paper and cardboard,Printing and writing paper,CNI,103688.280468,3357.0,0.0,39768.0,146813.280468
2023-2024,Paper and cardboard,Printing and writing paper,MSW,75326.960674,0.0,0.0,0.0,75326.960674
2023-2024,Plastic,HDPE (2),CND,4444.671688,46.415179,82.7155402887074,250.380264,4824.18267128871
2023-2024,Plastic,HDPE (2),CNI,68748.40605,580.91467,935.693825946859,3170.109849,73435.1243949468
2023-2024,Plastic,HDPE (2),MSW,64189.791139,2889.061152,7314.62210253719,35258.529168,109652.003561537
2023-2024,Plastic,LDPE (4),CND,3328.854527,29.405105,3.73191886435174,146.271114,3508.26266486435
2023-2024,Plastic,LDPE (4),CNI,51489.391978,13340.67739,513.311283680479,23958.018071,89301.3987226805
2023-2024,Plastic,LDPE (4),MSW,30617.08503,2500.112675,76.0419106010704,1514.718389,34707.9580046011
2023-2024,Plastic,Other plastics (7),CND,2383.185688,0.0,128.444029803621,0.0,2511.62971780362
2023-2024,Plastic,Other plastics (7),CNI,38629.698107,0.0,266.852619938585,11524.7349438476,50421.2856707862
2023-2024,Plastic,Other plastics (7),MSW,75698.991712,0.0,1125.29356001189,10455.8992594304,87280.1845314423
2023-2024,Plastic,PET (1),CND,1841.098314,6.012045,0.0,21.302955,1868.413314
2023-2024,Plastic,PET (1),CNI,28477.373217,1383.035988,316.172300074104,2323.552713,32500.1342180741
2023-2024,Plastic,PET (1),MSW,42833.467211,3395.401957,6097.74358770996,42982.521441,95309.13419671
2023-2024,Plastic,PP (5),CND,3570.614912,0.0,0.0,0.0,3570.614912
2023-2024,Plastic,PP (5),CNI,55228.845027,30.42,839.273751985515,7200.623627,63299.1624059855
2023-2024,Plastic,PP (5),MSW,32840.67221,28.08,2503.03097191965,17781.087837,53152.8710189196
2023-2024,Plastic,PS (6),CND,929.847633,46.242919,97.1642031810043,1639.18483,2712.439585181
2023-2024,Plastic,PS (6),CNI,14382.511726,52.84511,104.172058977718,1339.256675,15878.7855699777
2023-2024,Plastic,PS (6),MSW,8552.258389,62.711971,54.1857382275441,713.679362,9382.83546022754
2023-2024,Plastic,PVC (3),CND,2343.216037,0.0,0.0,837.352000485756,3180.56803748576
2023-2024,Plastic,PVC (3),CNI,36243.929549,0.0,0.0,984.025991439587,37227.9555404396
2023-2024,Plastic,PVC (3),MSW,21551.691138,0.0,0.0,0.0,21551.691138
2023-2024,Textiles,Clothing,CND,3764.550284,0.0,0.0,0.0,3764.550284
2023-2024,Textiles,Clothing,CNI,48264.893894,0.0,0.0,353.0,48617.893894
2023-2024,Textiles,Clothing,MSW,55933.991891,70791.41781,0.0,198.0,126923.409701
2023-2024,Textiles,Other textiles,CND,6710.197089,0.0,0.0,1.8,6711.997089
2023-2024,Textiles,Other textiles,CNI,74133.912625,170.99791,100.0,327.6,74732.510535
2023-2024,Textiles,Other textiles,MSW,18315.717009,0.0,0.0,1319.8,19635.517009
2023-2024,Tyres and rubber,Offroad tyres,CND,0.0,0.0,0.0,0.0,0.0
2023-2024,Tyres and rubber,Offroad tyres,CNI,0.0,135.25693,0.0,275.0,410.25693
2023-2024,Tyres and rubber,Offroad tyres,MSW,0.0,0.0,0.0,0.0,0.0
2023-2024,Tyres and rubber,Other rubber,CND,182.262044,0.0,0.0,0.0,182.262044
2023-2024,Tyres and rubber,Other rubber,CNI,10379.470684,29330.030762,0.0,0.0,39709.501446
2023-2024,Tyres and rubber,Other rubber,MSW,2197.477539,3258.892307,0.0,0.0,5456.369846
2023-2024,Tyres and rubber,Passenger tyres,CND,130.719718,0.0,0.0,0.0,130.719718
2023-2024,Tyres and rubber,Passenger tyres,CNI,1129.823659,15.04,0.0,0.0,1144.863659
2023-2024,Tyres and rubber,Passenger tyres,MSW,0.0,3.76,0.0,4325.0,4328.76
2023-2024,Tyres and rubber,Truck tyres,CND,0.0,0.0,0.0,0.0,0.0
2023-2024,Tyres and rubber,Truck tyres,CNI,0.0,176.955,0.0,21900.0,22076.955
2023-2024,Tyres and rubber,Truck tyres,MSW,0.0,0.0,0.0,0.0,0.0
